Implementation smell,Namespace,Class,File,Method,Description
Complex Method,Spring.Data.Core,ServiceDomainPlatformTransactionManager,C:\repos\JamesKovacs_nhcontrib\sandbox\simondud\Envers.NET.Spring\Spring.NET\src\Spring\Spring.Data\Data\Core\ServiceDomainPlatformTransactionManager.cs,ApplyIsolationLevel,Cyclomatic complexity of the method is 25
Complex Method,Spring.Data.Core,TxScopeTransactionManager,C:\repos\JamesKovacs_nhcontrib\sandbox\simondud\Envers.NET.Spring\Spring.NET\src\Spring\Spring.Data\Data\Core\TxScopeTransactionManager.cs,CreateTransactionOptions,Cyclomatic complexity of the method is 22
Complex Method,Spring.Data.Objects,AbstractAdoOperation,C:\repos\JamesKovacs_nhcontrib\sandbox\simondud\Envers.NET.Spring\Spring.NET\src\Spring\Spring.Data\Data\Objects\AbstractAdoOperation.cs,ValidateParameters,Cyclomatic complexity of the method is 9
Complex Method,Spring.Data.Objects,AbstractAdoOperation,C:\repos\JamesKovacs_nhcontrib\sandbox\simondud\Envers.NET.Spring\Spring.NET\src\Spring\Spring.Data\Data\Objects\AbstractAdoOperation.cs,ValidateNamedParameters,Cyclomatic complexity of the method is 8
Complex Method,Spring.Data.Support,ConnectionUtils,C:\repos\JamesKovacs_nhcontrib\sandbox\simondud\Envers.NET.Spring\Spring.NET\src\Spring\Spring.Data\Data\Support\ConnectionUtils.cs,DoGetConnection,Cyclomatic complexity of the method is 8
Complex Method,Spring.Data.Support,ErrorCodeExceptionTranslator,C:\repos\JamesKovacs_nhcontrib\sandbox\simondud\Envers.NET.Spring\Spring.NET\src\Spring\Spring.Data\Data\Support\ErrorCodeExceptionTranslator.cs,DoTranslate,Cyclomatic complexity of the method is 14
Complex Method,Spring.Transaction.Config,TxAdviceObjectDefinitionParser,C:\repos\JamesKovacs_nhcontrib\sandbox\simondud\Envers.NET.Spring\Spring.NET\src\Spring\Spring.Data\Transaction\Config\TxAdviceObjectDefinitionParser.cs,ParseAttributeSource,Cyclomatic complexity of the method is 9
Complex Method,Spring.Transaction.Interceptor,AttributesTransactionAttributeSource,C:\repos\JamesKovacs_nhcontrib\sandbox\simondud\Envers.NET.Spring\Spring.NET\src\Spring\Spring.Data\Transaction\Interceptor\AttributesTransactionAttributeSource.cs,FindTransactionAttribute,Cyclomatic complexity of the method is 8
Complex Method,Spring.Transaction.Interceptor,MethodMapTransactionAttributeSource,C:\repos\JamesKovacs_nhcontrib\sandbox\simondud\Envers.NET.Spring\Spring.NET\src\Spring\Spring.Data\Transaction\Interceptor\MethodMapTransactionAttributeSource.cs,AddTransactionalMethod,Cyclomatic complexity of the method is 8
Complex Method,Spring.Transaction.Interceptor,TransactionAttributeEditor,C:\repos\JamesKovacs_nhcontrib\sandbox\simondud\Envers.NET.Spring\Spring.NET\src\Spring\Spring.Data\Transaction\Interceptor\TransactionAttributeEditor.cs,SetAsText,Cyclomatic complexity of the method is 9
Complex Method,Spring.Transaction.Interceptor,TransactionAttributeEditor,C:\repos\JamesKovacs_nhcontrib\sandbox\simondud\Envers.NET.Spring\Spring.NET\src\Spring\Spring.Data\Transaction\Interceptor\TransactionAttributeEditor.cs,convertPropagationValue,Cyclomatic complexity of the method is 9
Complex Method,Spring.Transaction.Interceptor,TransactionProxyFactoryObject,C:\repos\JamesKovacs_nhcontrib\sandbox\simondud\Envers.NET.Spring\Spring.NET\src\Spring\Spring.Data\Transaction\Interceptor\TransactionProxyFactoryObject.cs,AfterPropertiesSet,Cyclomatic complexity of the method is 10
Complex Method,Spring.Transaction.Support,AbstractPlatformTransactionManager,C:\repos\JamesKovacs_nhcontrib\sandbox\simondud\Envers.NET.Spring\Spring.NET\src\Spring\Spring.Data\Transaction\Support\AbstractPlatformTransactionManager.cs,GetTransaction,Cyclomatic complexity of the method is 9
Complex Method,Spring.Transaction.Support,AbstractPlatformTransactionManager,C:\repos\JamesKovacs_nhcontrib\sandbox\simondud\Envers.NET.Spring\Spring.NET\src\Spring\Spring.Data\Transaction\Support\AbstractPlatformTransactionManager.cs,HandleExistingTransaction,Cyclomatic complexity of the method is 12
Complex Method,Spring.Transaction.Support,AbstractPlatformTransactionManager,C:\repos\JamesKovacs_nhcontrib\sandbox\simondud\Envers.NET.Spring\Spring.NET\src\Spring\Spring.Data\Transaction\Support\AbstractPlatformTransactionManager.cs,ProcessCommit,Cyclomatic complexity of the method is 8
Complex Method,Spring.Transaction.Support,AbstractPlatformTransactionManager,C:\repos\JamesKovacs_nhcontrib\sandbox\simondud\Envers.NET.Spring\Spring.NET\src\Spring\Spring.Data\Transaction\Support\AbstractPlatformTransactionManager.cs,ProcessRollback,Cyclomatic complexity of the method is 9
Long Parameter List,Spring.Data,ICommonAdoOperations,C:\repos\JamesKovacs_nhcontrib\sandbox\simondud\Envers.NET.Spring\Spring.NET\src\Spring\Spring.Data\Data\ICommonAdoOperations.cs,ExecuteScalar,The method has 6 parameters.
Long Parameter List,Spring.Data,ICommonAdoOperations,C:\repos\JamesKovacs_nhcontrib\sandbox\simondud\Envers.NET.Spring\Spring.NET\src\Spring\Spring.Data\Data\ICommonAdoOperations.cs,ExecuteNonQuery,The method has 6 parameters.
Long Parameter List,Spring.Data,ICommonAdoOperations,C:\repos\JamesKovacs_nhcontrib\sandbox\simondud\Envers.NET.Spring\Spring.NET\src\Spring\Spring.Data\Data\ICommonAdoOperations.cs,QueryWithRowCallback,The method has 7 parameters.
Long Parameter List,Spring.Data,ICommonAdoOperations,C:\repos\JamesKovacs_nhcontrib\sandbox\simondud\Envers.NET.Spring\Spring.NET\src\Spring\Spring.Data\Data\ICommonAdoOperations.cs,QueryWithRowCallbackDelegate,The method has 7 parameters.
Long Parameter List,Spring.Data,IAdoOperations,C:\repos\JamesKovacs_nhcontrib\sandbox\simondud\Envers.NET.Spring\Spring.NET\src\Spring\Spring.Data\Data\IAdoOperations.cs,QueryWithResultSetExtractor,The method has 7 parameters.
Long Parameter List,Spring.Data,IAdoOperations,C:\repos\JamesKovacs_nhcontrib\sandbox\simondud\Envers.NET.Spring\Spring.NET\src\Spring\Spring.Data\Data\IAdoOperations.cs,QueryWithResultSetExtractorDelegate,The method has 7 parameters.
Long Parameter List,Spring.Data,IAdoOperations,C:\repos\JamesKovacs_nhcontrib\sandbox\simondud\Envers.NET.Spring\Spring.NET\src\Spring\Spring.Data\Data\IAdoOperations.cs,QueryWithRowMapperDelegate,The method has 7 parameters.
Long Parameter List,Spring.Data,IAdoOperations,C:\repos\JamesKovacs_nhcontrib\sandbox\simondud\Envers.NET.Spring\Spring.NET\src\Spring\Spring.Data\Data\IAdoOperations.cs,QueryWithRowMapper,The method has 7 parameters.
Long Parameter List,Spring.Data,IAdoOperations,C:\repos\JamesKovacs_nhcontrib\sandbox\simondud\Envers.NET.Spring\Spring.NET\src\Spring\Spring.Data\Data\IAdoOperations.cs,QueryForObject,The method has 7 parameters.
Long Parameter List,Spring.Data,IAdoOperations,C:\repos\JamesKovacs_nhcontrib\sandbox\simondud\Envers.NET.Spring\Spring.NET\src\Spring\Spring.Data\Data\IAdoOperations.cs,QueryForObjectDelegate,The method has 7 parameters.
Long Parameter List,Spring.Data,IAdoOperations,C:\repos\JamesKovacs_nhcontrib\sandbox\simondud\Envers.NET.Spring\Spring.NET\src\Spring\Spring.Data\Data\IAdoOperations.cs,DataTableCreateWithParams,The method has 5 parameters.
Long Parameter List,Spring.Data,IAdoOperations,C:\repos\JamesKovacs_nhcontrib\sandbox\simondud\Envers.NET.Spring\Spring.NET\src\Spring\Spring.Data\Data\IAdoOperations.cs,DataTableFill,The method has 5 parameters.
Long Parameter List,Spring.Data,IAdoOperations,C:\repos\JamesKovacs_nhcontrib\sandbox\simondud\Envers.NET.Spring\Spring.NET\src\Spring\Spring.Data\Data\IAdoOperations.cs,DataTableFillWithParams,The method has 5 parameters.
Long Parameter List,Spring.Data,IAdoOperations,C:\repos\JamesKovacs_nhcontrib\sandbox\simondud\Envers.NET.Spring\Spring.NET\src\Spring\Spring.Data\Data\IAdoOperations.cs,DataTableFillWithParams,The method has 5 parameters.
Long Parameter List,Spring.Data,IAdoOperations,C:\repos\JamesKovacs_nhcontrib\sandbox\simondud\Envers.NET.Spring\Spring.NET\src\Spring\Spring.Data\Data\IAdoOperations.cs,DataTableFillWithParams,The method has 6 parameters.
Long Parameter List,Spring.Data,IAdoOperations,C:\repos\JamesKovacs_nhcontrib\sandbox\simondud\Envers.NET.Spring\Spring.NET\src\Spring\Spring.Data\Data\IAdoOperations.cs,DataTableUpdateWithCommandBuilder,The method has 5 parameters.
Long Parameter List,Spring.Data,IAdoOperations,C:\repos\JamesKovacs_nhcontrib\sandbox\simondud\Envers.NET.Spring\Spring.NET\src\Spring\Spring.Data\Data\IAdoOperations.cs,DataTableUpdateWithCommandBuilder,The method has 6 parameters.
Long Parameter List,Spring.Data,IAdoOperations,C:\repos\JamesKovacs_nhcontrib\sandbox\simondud\Envers.NET.Spring\Spring.NET\src\Spring\Spring.Data\Data\IAdoOperations.cs,DataTableUpdateWithCommandBuilder,The method has 6 parameters.
Long Parameter List,Spring.Data,IAdoOperations,C:\repos\JamesKovacs_nhcontrib\sandbox\simondud\Envers.NET.Spring\Spring.NET\src\Spring\Spring.Data\Data\IAdoOperations.cs,DataTableUpdate,The method has 11 parameters.
Long Parameter List,Spring.Data,IAdoOperations,C:\repos\JamesKovacs_nhcontrib\sandbox\simondud\Envers.NET.Spring\Spring.NET\src\Spring\Spring.Data\Data\IAdoOperations.cs,DataTableUpdate,The method has 12 parameters.
Long Parameter List,Spring.Data,IAdoOperations,C:\repos\JamesKovacs_nhcontrib\sandbox\simondud\Envers.NET.Spring\Spring.NET\src\Spring\Spring.Data\Data\IAdoOperations.cs,DataTableUpdate,The method has 12 parameters.
Long Parameter List,Spring.Data,IAdoOperations,C:\repos\JamesKovacs_nhcontrib\sandbox\simondud\Envers.NET.Spring\Spring.NET\src\Spring\Spring.Data\Data\IAdoOperations.cs,DataSetCreate,The method has 5 parameters.
Long Parameter List,Spring.Data,IAdoOperations,C:\repos\JamesKovacs_nhcontrib\sandbox\simondud\Envers.NET.Spring\Spring.NET\src\Spring\Spring.Data\Data\IAdoOperations.cs,DataSetCreateWithParams,The method has 5 parameters.
Long Parameter List,Spring.Data,IAdoOperations,C:\repos\JamesKovacs_nhcontrib\sandbox\simondud\Envers.NET.Spring\Spring.NET\src\Spring\Spring.Data\Data\IAdoOperations.cs,DataSetCreateWithParams,The method has 6 parameters.
Long Parameter List,Spring.Data,IAdoOperations,C:\repos\JamesKovacs_nhcontrib\sandbox\simondud\Envers.NET.Spring\Spring.NET\src\Spring\Spring.Data\Data\IAdoOperations.cs,DataSetFill,The method has 5 parameters.
Long Parameter List,Spring.Data,IAdoOperations,C:\repos\JamesKovacs_nhcontrib\sandbox\simondud\Envers.NET.Spring\Spring.NET\src\Spring\Spring.Data\Data\IAdoOperations.cs,DataSetFill,The method has 6 parameters.
Long Parameter List,Spring.Data,IAdoOperations,C:\repos\JamesKovacs_nhcontrib\sandbox\simondud\Envers.NET.Spring\Spring.NET\src\Spring\Spring.Data\Data\IAdoOperations.cs,DataSetFillWithParameters,The method has 5 parameters.
Long Parameter List,Spring.Data,IAdoOperations,C:\repos\JamesKovacs_nhcontrib\sandbox\simondud\Envers.NET.Spring\Spring.NET\src\Spring\Spring.Data\Data\IAdoOperations.cs,DataSetFillWithParameters,The method has 5 parameters.
Long Parameter List,Spring.Data,IAdoOperations,C:\repos\JamesKovacs_nhcontrib\sandbox\simondud\Envers.NET.Spring\Spring.NET\src\Spring\Spring.Data\Data\IAdoOperations.cs,DataSetFillWithParameters,The method has 6 parameters.
Long Parameter List,Spring.Data,IAdoOperations,C:\repos\JamesKovacs_nhcontrib\sandbox\simondud\Envers.NET.Spring\Spring.NET\src\Spring\Spring.Data\Data\IAdoOperations.cs,DataSetFillWithParameters,The method has 7 parameters.
Long Parameter List,Spring.Data,IAdoOperations,C:\repos\JamesKovacs_nhcontrib\sandbox\simondud\Envers.NET.Spring\Spring.NET\src\Spring\Spring.Data\Data\IAdoOperations.cs,DataSetUpdateWithCommandBuilder,The method has 5 parameters.
Long Parameter List,Spring.Data,IAdoOperations,C:\repos\JamesKovacs_nhcontrib\sandbox\simondud\Envers.NET.Spring\Spring.NET\src\Spring\Spring.Data\Data\IAdoOperations.cs,DataSetUpdateWithCommandBuilder,The method has 6 parameters.
Long Parameter List,Spring.Data,IAdoOperations,C:\repos\JamesKovacs_nhcontrib\sandbox\simondud\Envers.NET.Spring\Spring.NET\src\Spring\Spring.Data\Data\IAdoOperations.cs,DataSetUpdateWithCommandBuilder,The method has 6 parameters.
Long Parameter List,Spring.Data,IAdoOperations,C:\repos\JamesKovacs_nhcontrib\sandbox\simondud\Envers.NET.Spring\Spring.NET\src\Spring\Spring.Data\Data\IAdoOperations.cs,DataSetUpdate,The method has 5 parameters.
Long Parameter List,Spring.Data,IAdoOperations,C:\repos\JamesKovacs_nhcontrib\sandbox\simondud\Envers.NET.Spring\Spring.NET\src\Spring\Spring.Data\Data\IAdoOperations.cs,DataSetUpdate,The method has 11 parameters.
Long Parameter List,Spring.Data,IAdoOperations,C:\repos\JamesKovacs_nhcontrib\sandbox\simondud\Envers.NET.Spring\Spring.NET\src\Spring\Spring.Data\Data\IAdoOperations.cs,DataSetUpdate,The method has 6 parameters.
Long Parameter List,Spring.Data,IAdoOperations,C:\repos\JamesKovacs_nhcontrib\sandbox\simondud\Envers.NET.Spring\Spring.NET\src\Spring\Spring.Data\Data\IAdoOperations.cs,DataSetUpdate,The method has 5 parameters.
Long Parameter List,Spring.Data,IAdoOperations,C:\repos\JamesKovacs_nhcontrib\sandbox\simondud\Envers.NET.Spring\Spring.NET\src\Spring\Spring.Data\Data\IAdoOperations.cs,DataSetUpdate,The method has 6 parameters.
Long Parameter List,Spring.Data.Common,DbMetadata,C:\repos\JamesKovacs_nhcontrib\sandbox\simondud\Envers.NET.Spring\Spring.NET\src\Spring\Spring.Data\Data\Common\DbMetadata.cs,DbMetadata,The method has 17 parameters.
Long Parameter List,Spring.Data.Common,DbParameters,C:\repos\JamesKovacs_nhcontrib\sandbox\simondud\Envers.NET.Spring\Spring.NET\src\Spring\Spring.Data\Data\Common\DbParameters.cs,AddParameter,The method has 10 parameters.
Long Parameter List,Spring.Data.Common,DbParameters,C:\repos\JamesKovacs_nhcontrib\sandbox\simondud\Envers.NET.Spring\Spring.NET\src\Spring\Spring.Data\Data\Common\DbParameters.cs,AddParameter,The method has 9 parameters.
Long Parameter List,Spring.Data.Common,IDbParameters,C:\repos\JamesKovacs_nhcontrib\sandbox\simondud\Envers.NET.Spring\Spring.NET\src\Spring\Spring.Data\Data\Common\IDbParameters.cs,AddParameter,The method has 10 parameters.
Long Parameter List,Spring.Data.Common,IDbParameters,C:\repos\JamesKovacs_nhcontrib\sandbox\simondud\Envers.NET.Spring\Spring.NET\src\Spring\Spring.Data\Data\Common\IDbParameters.cs,AddParameter,The method has 9 parameters.
Long Parameter List,Spring.Data.Core,AdoTemplate,C:\repos\JamesKovacs_nhcontrib\sandbox\simondud\Envers.NET.Spring\Spring.NET\src\Spring\Spring.Data\Data\Core\AdoTemplate.cs,ExecuteNonQuery,The method has 6 parameters.
Long Parameter List,Spring.Data.Core,AdoTemplate,C:\repos\JamesKovacs_nhcontrib\sandbox\simondud\Envers.NET.Spring\Spring.NET\src\Spring\Spring.Data\Data\Core\AdoTemplate.cs,ExecuteScalar,The method has 6 parameters.
Long Parameter List,Spring.Data.Core,AdoTemplate,C:\repos\JamesKovacs_nhcontrib\sandbox\simondud\Envers.NET.Spring\Spring.NET\src\Spring\Spring.Data\Data\Core\AdoTemplate.cs,QueryWithRowCallback,The method has 7 parameters.
Long Parameter List,Spring.Data.Core,AdoTemplate,C:\repos\JamesKovacs_nhcontrib\sandbox\simondud\Envers.NET.Spring\Spring.NET\src\Spring\Spring.Data\Data\Core\AdoTemplate.cs,QueryWithRowCallbackDelegate,The method has 7 parameters.
Long Parameter List,Spring.Data.Core,AdoTemplate,C:\repos\JamesKovacs_nhcontrib\sandbox\simondud\Envers.NET.Spring\Spring.NET\src\Spring\Spring.Data\Data\Core\AdoTemplate.cs,QueryWithRowMapper,The method has 7 parameters.
Long Parameter List,Spring.Data.Core,AdoTemplate,C:\repos\JamesKovacs_nhcontrib\sandbox\simondud\Envers.NET.Spring\Spring.NET\src\Spring\Spring.Data\Data\Core\AdoTemplate.cs,QueryWithRowMapperDelegate,The method has 7 parameters.
Long Parameter List,Spring.Data.Core,AdoTemplate,C:\repos\JamesKovacs_nhcontrib\sandbox\simondud\Envers.NET.Spring\Spring.NET\src\Spring\Spring.Data\Data\Core\AdoTemplate.cs,QueryWithResultSetExtractor,The method has 7 parameters.
Long Parameter List,Spring.Data.Core,AdoTemplate,C:\repos\JamesKovacs_nhcontrib\sandbox\simondud\Envers.NET.Spring\Spring.NET\src\Spring\Spring.Data\Data\Core\AdoTemplate.cs,QueryWithResultSetExtractorDelegate,The method has 7 parameters.
Long Parameter List,Spring.Data.Core,AdoTemplate,C:\repos\JamesKovacs_nhcontrib\sandbox\simondud\Envers.NET.Spring\Spring.NET\src\Spring\Spring.Data\Data\Core\AdoTemplate.cs,QueryForObject,The method has 7 parameters.
Long Parameter List,Spring.Data.Core,AdoTemplate,C:\repos\JamesKovacs_nhcontrib\sandbox\simondud\Envers.NET.Spring\Spring.NET\src\Spring\Spring.Data\Data\Core\AdoTemplate.cs,QueryForObjectDelegate,The method has 7 parameters.
Long Parameter List,Spring.Data.Core,AdoTemplate,C:\repos\JamesKovacs_nhcontrib\sandbox\simondud\Envers.NET.Spring\Spring.NET\src\Spring\Spring.Data\Data\Core\AdoTemplate.cs,DataTableCreateWithParams,The method has 5 parameters.
Long Parameter List,Spring.Data.Core,AdoTemplate,C:\repos\JamesKovacs_nhcontrib\sandbox\simondud\Envers.NET.Spring\Spring.NET\src\Spring\Spring.Data\Data\Core\AdoTemplate.cs,DataTableFill,The method has 5 parameters.
Long Parameter List,Spring.Data.Core,AdoTemplate,C:\repos\JamesKovacs_nhcontrib\sandbox\simondud\Envers.NET.Spring\Spring.NET\src\Spring\Spring.Data\Data\Core\AdoTemplate.cs,DataTableFillWithParams,The method has 5 parameters.
Long Parameter List,Spring.Data.Core,AdoTemplate,C:\repos\JamesKovacs_nhcontrib\sandbox\simondud\Envers.NET.Spring\Spring.NET\src\Spring\Spring.Data\Data\Core\AdoTemplate.cs,DataTableFillWithParams,The method has 5 parameters.
Long Parameter List,Spring.Data.Core,AdoTemplate,C:\repos\JamesKovacs_nhcontrib\sandbox\simondud\Envers.NET.Spring\Spring.NET\src\Spring\Spring.Data\Data\Core\AdoTemplate.cs,DataTableFillWithParams,The method has 6 parameters.
Long Parameter List,Spring.Data.Core,AdoTemplate,C:\repos\JamesKovacs_nhcontrib\sandbox\simondud\Envers.NET.Spring\Spring.NET\src\Spring\Spring.Data\Data\Core\AdoTemplate.cs,DataTableUpdateWithCommandBuilder,The method has 5 parameters.
Long Parameter List,Spring.Data.Core,AdoTemplate,C:\repos\JamesKovacs_nhcontrib\sandbox\simondud\Envers.NET.Spring\Spring.NET\src\Spring\Spring.Data\Data\Core\AdoTemplate.cs,DataTableUpdateWithCommandBuilder,The method has 6 parameters.
Long Parameter List,Spring.Data.Core,AdoTemplate,C:\repos\JamesKovacs_nhcontrib\sandbox\simondud\Envers.NET.Spring\Spring.NET\src\Spring\Spring.Data\Data\Core\AdoTemplate.cs,DataTableUpdateWithCommandBuilder,The method has 6 parameters.
Long Parameter List,Spring.Data.Core,AdoTemplate,C:\repos\JamesKovacs_nhcontrib\sandbox\simondud\Envers.NET.Spring\Spring.NET\src\Spring\Spring.Data\Data\Core\AdoTemplate.cs,DataTableUpdate,The method has 11 parameters.
Long Parameter List,Spring.Data.Core,AdoTemplate,C:\repos\JamesKovacs_nhcontrib\sandbox\simondud\Envers.NET.Spring\Spring.NET\src\Spring\Spring.Data\Data\Core\AdoTemplate.cs,DataTableUpdate,The method has 12 parameters.
Long Parameter List,Spring.Data.Core,AdoTemplate,C:\repos\JamesKovacs_nhcontrib\sandbox\simondud\Envers.NET.Spring\Spring.NET\src\Spring\Spring.Data\Data\Core\AdoTemplate.cs,DataTableUpdate,The method has 12 parameters.
Long Parameter List,Spring.Data.Core,AdoTemplate,C:\repos\JamesKovacs_nhcontrib\sandbox\simondud\Envers.NET.Spring\Spring.NET\src\Spring\Spring.Data\Data\Core\AdoTemplate.cs,DataSetCreate,The method has 5 parameters.
Long Parameter List,Spring.Data.Core,AdoTemplate,C:\repos\JamesKovacs_nhcontrib\sandbox\simondud\Envers.NET.Spring\Spring.NET\src\Spring\Spring.Data\Data\Core\AdoTemplate.cs,DataSetCreateWithParams,The method has 5 parameters.
Long Parameter List,Spring.Data.Core,AdoTemplate,C:\repos\JamesKovacs_nhcontrib\sandbox\simondud\Envers.NET.Spring\Spring.NET\src\Spring\Spring.Data\Data\Core\AdoTemplate.cs,DataSetCreateWithParams,The method has 6 parameters.
Long Parameter List,Spring.Data.Core,AdoTemplate,C:\repos\JamesKovacs_nhcontrib\sandbox\simondud\Envers.NET.Spring\Spring.NET\src\Spring\Spring.Data\Data\Core\AdoTemplate.cs,DataSetFill,The method has 5 parameters.
Long Parameter List,Spring.Data.Core,AdoTemplate,C:\repos\JamesKovacs_nhcontrib\sandbox\simondud\Envers.NET.Spring\Spring.NET\src\Spring\Spring.Data\Data\Core\AdoTemplate.cs,DataSetFill,The method has 6 parameters.
Long Parameter List,Spring.Data.Core,AdoTemplate,C:\repos\JamesKovacs_nhcontrib\sandbox\simondud\Envers.NET.Spring\Spring.NET\src\Spring\Spring.Data\Data\Core\AdoTemplate.cs,DataSetFillWithParameters,The method has 5 parameters.
Long Parameter List,Spring.Data.Core,AdoTemplate,C:\repos\JamesKovacs_nhcontrib\sandbox\simondud\Envers.NET.Spring\Spring.NET\src\Spring\Spring.Data\Data\Core\AdoTemplate.cs,DataSetFillWithParameters,The method has 5 parameters.
Long Parameter List,Spring.Data.Core,AdoTemplate,C:\repos\JamesKovacs_nhcontrib\sandbox\simondud\Envers.NET.Spring\Spring.NET\src\Spring\Spring.Data\Data\Core\AdoTemplate.cs,DataSetFillWithParameters,The method has 6 parameters.
Long Parameter List,Spring.Data.Core,AdoTemplate,C:\repos\JamesKovacs_nhcontrib\sandbox\simondud\Envers.NET.Spring\Spring.NET\src\Spring\Spring.Data\Data\Core\AdoTemplate.cs,DataSetFillWithParameters,The method has 7 parameters.
Long Parameter List,Spring.Data.Core,AdoTemplate,C:\repos\JamesKovacs_nhcontrib\sandbox\simondud\Envers.NET.Spring\Spring.NET\src\Spring\Spring.Data\Data\Core\AdoTemplate.cs,DataSetUpdateWithCommandBuilder,The method has 5 parameters.
Long Parameter List,Spring.Data.Core,AdoTemplate,C:\repos\JamesKovacs_nhcontrib\sandbox\simondud\Envers.NET.Spring\Spring.NET\src\Spring\Spring.Data\Data\Core\AdoTemplate.cs,DataSetUpdateWithCommandBuilder,The method has 6 parameters.
Long Parameter List,Spring.Data.Core,AdoTemplate,C:\repos\JamesKovacs_nhcontrib\sandbox\simondud\Envers.NET.Spring\Spring.NET\src\Spring\Spring.Data\Data\Core\AdoTemplate.cs,DataSetUpdateWithCommandBuilder,The method has 6 parameters.
Long Parameter List,Spring.Data.Core,AdoTemplate,C:\repos\JamesKovacs_nhcontrib\sandbox\simondud\Envers.NET.Spring\Spring.NET\src\Spring\Spring.Data\Data\Core\AdoTemplate.cs,DataSetUpdate,The method has 5 parameters.
Long Parameter List,Spring.Data.Core,AdoTemplate,C:\repos\JamesKovacs_nhcontrib\sandbox\simondud\Envers.NET.Spring\Spring.NET\src\Spring\Spring.Data\Data\Core\AdoTemplate.cs,DataSetUpdate,The method has 11 parameters.
Long Parameter List,Spring.Data.Core,AdoTemplate,C:\repos\JamesKovacs_nhcontrib\sandbox\simondud\Envers.NET.Spring\Spring.NET\src\Spring\Spring.Data\Data\Core\AdoTemplate.cs,DataSetUpdate,The method has 6 parameters.
Long Parameter List,Spring.Data.Core,AdoTemplate,C:\repos\JamesKovacs_nhcontrib\sandbox\simondud\Envers.NET.Spring\Spring.NET\src\Spring\Spring.Data\Data\Core\AdoTemplate.cs,DataSetUpdate,The method has 5 parameters.
Long Parameter List,Spring.Data.Core,AdoTemplate,C:\repos\JamesKovacs_nhcontrib\sandbox\simondud\Envers.NET.Spring\Spring.NET\src\Spring\Spring.Data\Data\Core\AdoTemplate.cs,DataSetUpdate,The method has 6 parameters.
Long Parameter List,Spring.Data.Core,AdoTemplate,C:\repos\JamesKovacs_nhcontrib\sandbox\simondud\Envers.NET.Spring\Spring.NET\src\Spring\Spring.Data\Data\Core\AdoTemplate.cs,DataTableUpdate,The method has 12 parameters.
Long Parameter List,Spring.Data.Generic,AdoTemplate,C:\repos\JamesKovacs_nhcontrib\sandbox\simondud\Envers.NET.Spring\Spring.NET\src\Spring\Spring.Data\Data\Generic\AdoTemplate.cs,ExecuteNonQuery,The method has 6 parameters.
Long Parameter List,Spring.Data.Generic,AdoTemplate,C:\repos\JamesKovacs_nhcontrib\sandbox\simondud\Envers.NET.Spring\Spring.NET\src\Spring\Spring.Data\Data\Generic\AdoTemplate.cs,ExecuteScalar,The method has 6 parameters.
Long Parameter List,Spring.Data.Generic,AdoTemplate,C:\repos\JamesKovacs_nhcontrib\sandbox\simondud\Envers.NET.Spring\Spring.NET\src\Spring\Spring.Data\Data\Generic\AdoTemplate.cs,QueryWithRowCallback,The method has 7 parameters.
Long Parameter List,Spring.Data.Generic,AdoTemplate,C:\repos\JamesKovacs_nhcontrib\sandbox\simondud\Envers.NET.Spring\Spring.NET\src\Spring\Spring.Data\Data\Generic\AdoTemplate.cs,QueryWithRowCallbackDelegate,The method has 7 parameters.
Long Parameter List,Spring.Data.Generic,AdoTemplate,C:\repos\JamesKovacs_nhcontrib\sandbox\simondud\Envers.NET.Spring\Spring.NET\src\Spring\Spring.Data\Data\Generic\AdoTemplate.cs,QueryWithRowMapper,The method has 7 parameters.
Long Parameter List,Spring.Data.Generic,AdoTemplate,C:\repos\JamesKovacs_nhcontrib\sandbox\simondud\Envers.NET.Spring\Spring.NET\src\Spring\Spring.Data\Data\Generic\AdoTemplate.cs,QueryWithRowMapperDelegate,The method has 7 parameters.
Long Parameter List,Spring.Data.Generic,AdoTemplate,C:\repos\JamesKovacs_nhcontrib\sandbox\simondud\Envers.NET.Spring\Spring.NET\src\Spring\Spring.Data\Data\Generic\AdoTemplate.cs,QueryWithResultSetExtractor,The method has 7 parameters.
Long Parameter List,Spring.Data.Generic,AdoTemplate,C:\repos\JamesKovacs_nhcontrib\sandbox\simondud\Envers.NET.Spring\Spring.NET\src\Spring\Spring.Data\Data\Generic\AdoTemplate.cs,QueryWithResultSetExtractorDelegate,The method has 7 parameters.
Long Parameter List,Spring.Data.Generic,AdoTemplate,C:\repos\JamesKovacs_nhcontrib\sandbox\simondud\Envers.NET.Spring\Spring.NET\src\Spring\Spring.Data\Data\Generic\AdoTemplate.cs,QueryForObject,The method has 7 parameters.
Long Parameter List,Spring.Data.Generic,AdoTemplate,C:\repos\JamesKovacs_nhcontrib\sandbox\simondud\Envers.NET.Spring\Spring.NET\src\Spring\Spring.Data\Data\Generic\AdoTemplate.cs,QueryForObjectDelegate,The method has 7 parameters.
Long Parameter List,Spring.Data.Generic,IAdoOperations,C:\repos\JamesKovacs_nhcontrib\sandbox\simondud\Envers.NET.Spring\Spring.NET\src\Spring\Spring.Data\Data\Generic\IAdoOperations.cs,QueryWithRowMapper,The method has 7 parameters.
Long Parameter List,Spring.Data.Generic,IAdoOperations,C:\repos\JamesKovacs_nhcontrib\sandbox\simondud\Envers.NET.Spring\Spring.NET\src\Spring\Spring.Data\Data\Generic\IAdoOperations.cs,QueryWithRowMapperDelegate,The method has 7 parameters.
Long Parameter List,Spring.Data.Generic,IAdoOperations,C:\repos\JamesKovacs_nhcontrib\sandbox\simondud\Envers.NET.Spring\Spring.NET\src\Spring\Spring.Data\Data\Generic\IAdoOperations.cs,QueryWithResultSetExtractor,The method has 7 parameters.
Long Parameter List,Spring.Data.Generic,IAdoOperations,C:\repos\JamesKovacs_nhcontrib\sandbox\simondud\Envers.NET.Spring\Spring.NET\src\Spring\Spring.Data\Data\Generic\IAdoOperations.cs,QueryWithResultSetExtractorDelegate,The method has 7 parameters.
Long Parameter List,Spring.Data.Generic,IAdoOperations,C:\repos\JamesKovacs_nhcontrib\sandbox\simondud\Envers.NET.Spring\Spring.NET\src\Spring\Spring.Data\Data\Generic\IAdoOperations.cs,QueryForObject,The method has 7 parameters.
Long Parameter List,Spring.Data.Generic,IAdoOperations,C:\repos\JamesKovacs_nhcontrib\sandbox\simondud\Envers.NET.Spring\Spring.NET\src\Spring\Spring.Data\Data\Generic\IAdoOperations.cs,QueryForObjectDelegate,The method has 7 parameters.
Long Parameter List,Spring.Data.Support,ErrorCodeExceptionTranslator,C:\repos\JamesKovacs_nhcontrib\sandbox\simondud\Envers.NET.Spring\Spring.NET\src\Spring\Spring.Data\Data\Support\ErrorCodeExceptionTranslator.cs,LogTranslation,The method has 5 parameters.
Long Parameter List,Spring.Data.Support,NullMappingDataReader,C:\repos\JamesKovacs_nhcontrib\sandbox\simondud\Envers.NET.Spring\Spring.NET\src\Spring\Spring.Data\Data\Support\NullMappingDataReader.cs,GetBytes,The method has 5 parameters.
Long Parameter List,Spring.Data.Support,NullMappingDataReader,C:\repos\JamesKovacs_nhcontrib\sandbox\simondud\Envers.NET.Spring\Spring.NET\src\Spring\Spring.Data\Data\Support\NullMappingDataReader.cs,GetChars,The method has 5 parameters.
Long Parameter List,Spring.Transaction.Support,AbstractPlatformTransactionManager,C:\repos\JamesKovacs_nhcontrib\sandbox\simondud\Envers.NET.Spring\Spring.NET\src\Spring\Spring.Data\Transaction\Support\AbstractPlatformTransactionManager.cs,NewTransactionStatus,The method has 6 parameters.
Long Parameter List,Spring.Transaction.Support,DefaultTransactionStatus,C:\repos\JamesKovacs_nhcontrib\sandbox\simondud\Envers.NET.Spring\Spring.NET\src\Spring\Spring.Data\Transaction\Support\DefaultTransactionStatus.cs,DefaultTransactionStatus,The method has 6 parameters.
Long Identifier,Spring.Dao.Attributes,PersistenceExceptionTranslationAdvisor,C:\repos\JamesKovacs_nhcontrib\sandbox\simondud\Envers.NET.Spring\Spring.NET\src\Spring\Spring.Data\Dao\Attributes\PersistenceExceptionTranslationAdvisor.cs,PersistenceExceptionTranslationAdvisor,The length of the parameter persistenceExceptionTranslator is 30.
Long Identifier,Spring.Dao.Support,PersistenceExceptionTranslationInterceptor,C:\repos\JamesKovacs_nhcontrib\sandbox\simondud\Envers.NET.Spring\Spring.NET\src\Spring\Spring.Data\Dao\Support\PersistenceExceptionTranslationInterceptor.cs,PersistenceExceptionTranslationInterceptor,The length of the parameter persistenceExceptionTranslator is 30.
Long Identifier,Spring.Data.Common,DbMetadata,C:\repos\JamesKovacs_nhcontrib\sandbox\simondud\Envers.NET.Spring\Spring.NET\src\Spring\Spring.Data\Data\Common\DbMetadata.cs,DbMetadata,The length of the parameter commandBuilderDeriveParametersMethod is 36.
Long Identifier,Spring.Data.Common,DbMetadata,C:\repos\JamesKovacs_nhcontrib\sandbox\simondud\Envers.NET.Spring\Spring.NET\src\Spring\Spring.Data\Data\Common\DbMetadata.cs,DbMetadata,The length of the parameter useParameterNamePrefixInParameterCollection is 43.
Long Identifier,Spring.Transaction.Interceptor,MatchAlwaysTransactionAttributeSource,C:\repos\JamesKovacs_nhcontrib\sandbox\simondud\Envers.NET.Spring\Spring.NET\src\Spring\Spring.Data\Transaction\Interceptor\MatchAlwaysTransactionAttributeSource.cs,Equals,The length of the parameter matchAlwaysTransactionAttributeSource is 37.
Long Statement,Spring.Dao.Attributes,PersistenceExceptionTranslationPostProcessor,C:\repos\JamesKovacs_nhcontrib\sandbox\simondud\Envers.NET.Spring\Spring.NET\src\Spring\Spring.Data\Dao\Attributes\PersistenceExceptionTranslationPostProcessor.cs,PostProcessAfterInitialization,The length of the statement  "	if (AopUtils.CanApply (this.persistenceExceptionTranslationAdvisor' targetType' ReflectionUtils.GetInterfaces (targetType))) { " is 126.
Long Statement,Spring.Dao.Support,PersistenceExceptionTranslationInterceptor,C:\repos\JamesKovacs_nhcontrib\sandbox\simondud\Envers.NET.Spring\Spring.NET\src\Spring\Spring.Data\Dao\Support\PersistenceExceptionTranslationInterceptor.cs,DetectPersistenceExceptionTranslators,The length of the statement  "	IDictionary pets = ObjectFactoryUtils.ObjectsOfTypeIncludingAncestors (objectFactory' typeof(IPersistenceExceptionTranslator)' false' false); " is 141.
Long Statement,Spring.Dao.Support,PersistenceExceptionTranslationInterceptor,C:\repos\JamesKovacs_nhcontrib\sandbox\simondud\Envers.NET.Spring\Spring.NET\src\Spring\Spring.Data\Dao\Support\PersistenceExceptionTranslationInterceptor.cs,DetectPersistenceExceptionTranslators,The length of the statement  "		throw new InvalidOperationException ("No persistence exception translators found in container. Cannot perform exception translation."); " is 135.
Long Statement,Spring.Data,IDbCommandCreatorFactory,C:\repos\JamesKovacs_nhcontrib\sandbox\simondud\Envers.NET.Spring\Spring.NET\src\Spring\Spring.Data\Data\IDbCommandCreatorFactory.cs,NewDbCommandCreatorWithParamValues,The length of the statement  "	return new CommandCreatorWithParamValues (this' inParamValues != null ? ArrayList.Adapter (inParamValues) : new ArrayList ()); " is 126.
Long Statement,Spring.Data.Common,DbParameters,C:\repos\JamesKovacs_nhcontrib\sandbox\simondud\Envers.NET.Spring\Spring.NET\src\Spring\Spring.Data\Data\Common\DbParameters.cs,AddParameter,The length of the statement  "	return AddParameter (name' parameterType' 0' direction' isNullable' precision' scale' sourceColumn' sourceVersion' parameterValue); " is 131.
Long Statement,Spring.Data.Common,DbParameters,C:\repos\JamesKovacs_nhcontrib\sandbox\simondud\Envers.NET.Spring\Spring.NET\src\Spring\Spring.Data\Data\Common\DbParameters.cs,AddWithValue,The length of the statement  "	return AddParameter (name' null' -1' ParameterDirection.Input' false' 0' 0' null' DataRowVersion.Default' parameterValue); " is 122.
Long Statement,Spring.Data.Common,DbParameters,C:\repos\JamesKovacs_nhcontrib\sandbox\simondud\Envers.NET.Spring\Spring.NET\src\Spring\Spring.Data\Data\Common\DbParameters.cs,Add,The length of the statement  "	return AddParameter (name' parameterType' -1' ParameterDirection.Input' false' 0' 0' null' DataRowVersion.Default' null); " is 121.
Long Statement,Spring.Data.Common,DbParameters,C:\repos\JamesKovacs_nhcontrib\sandbox\simondud\Envers.NET.Spring\Spring.NET\src\Spring\Spring.Data\Data\Common\DbParameters.cs,Add,The length of the statement  "	return AddParameter (name' parameterType' size' ParameterDirection.Input' false' 0' 0' null' DataRowVersion.Default' null); " is 123.
Long Statement,Spring.Data.Common,DbParameters,C:\repos\JamesKovacs_nhcontrib\sandbox\simondud\Envers.NET.Spring\Spring.NET\src\Spring\Spring.Data\Data\Common\DbParameters.cs,Add,The length of the statement  "	return AddParameter (name' parameterType' size' ParameterDirection.Input' false' 0' 0' sourceColumn' DataRowVersion.Default' null); " is 131.
Long Statement,Spring.Data.Common,DbParameters,C:\repos\JamesKovacs_nhcontrib\sandbox\simondud\Envers.NET.Spring\Spring.NET\src\Spring\Spring.Data\Data\Common\DbParameters.cs,AddOut,The length of the statement  "	return AddParameter (name' parameterType' -1' ParameterDirection.Output' false' 0' 0' null' DataRowVersion.Default' null); " is 122.
Long Statement,Spring.Data.Common,DbParameters,C:\repos\JamesKovacs_nhcontrib\sandbox\simondud\Envers.NET.Spring\Spring.NET\src\Spring\Spring.Data\Data\Common\DbParameters.cs,AddOut,The length of the statement  "	return AddParameter (name' parameterType' size' ParameterDirection.Output' false' 0' 0' null' DataRowVersion.Default' null); " is 124.
Long Statement,Spring.Data.Common,DbParameters,C:\repos\JamesKovacs_nhcontrib\sandbox\simondud\Envers.NET.Spring\Spring.NET\src\Spring\Spring.Data\Data\Common\DbParameters.cs,AddInOut,The length of the statement  "	return AddParameter (name' parameterType' -1' ParameterDirection.InputOutput' false' 0' 0' null' DataRowVersion.Default' null); " is 127.
Long Statement,Spring.Data.Common,DbParameters,C:\repos\JamesKovacs_nhcontrib\sandbox\simondud\Envers.NET.Spring\Spring.NET\src\Spring\Spring.Data\Data\Common\DbParameters.cs,AddInOut,The length of the statement  "	return AddParameter (name' parameterType' size' ParameterDirection.InputOutput' false' 0' 0' null' DataRowVersion.Default' null); " is 129.
Long Statement,Spring.Data.Common,DbParameters,C:\repos\JamesKovacs_nhcontrib\sandbox\simondud\Envers.NET.Spring\Spring.NET\src\Spring\Spring.Data\Data\Common\DbParameters.cs,AddReturn,The length of the statement  "	return AddParameter (name' parameterType' -1' ParameterDirection.ReturnValue' false' 0' 0' null' DataRowVersion.Default' null); " is 127.
Long Statement,Spring.Data.Common,DbParameters,C:\repos\JamesKovacs_nhcontrib\sandbox\simondud\Envers.NET.Spring\Spring.NET\src\Spring\Spring.Data\Data\Common\DbParameters.cs,AddReturn,The length of the statement  "	return AddParameter (name' parameterType' size' ParameterDirection.ReturnValue' false' 0' 0' null' DataRowVersion.Default' null); " is 129.
Long Statement,Spring.Data.Common,DbParameters,C:\repos\JamesKovacs_nhcontrib\sandbox\simondud\Envers.NET.Spring\Spring.NET\src\Spring\Spring.Data\Data\Common\DbParameters.cs,GetValue,The length of the statement  "	IDataParameter parameter = dataParameterCollection [dbProvider.CreateParameterNameForCollection (name)] as IDataParameter; " is 122.
Long Statement,Spring.Data.Common,DbParameters,C:\repos\JamesKovacs_nhcontrib\sandbox\simondud\Envers.NET.Spring\Spring.NET\src\Spring\Spring.Data\Data\Common\DbParameters.cs,GetValue,The length of the statement  "	throw new InvalidDataAccessApiUsageException ("object in IDataParameterCollection is not of the type IDataParameter' it is type [" + dataParameterCollection [dbProvider.CreateParameterNameForCollection (name)].GetType () + "]."); " is 229.
Long Statement,Spring.Data.Common,DbParameters,C:\repos\JamesKovacs_nhcontrib\sandbox\simondud\Envers.NET.Spring\Spring.NET\src\Spring\Spring.Data\Data\Common\DbParameters.cs,SetValue,The length of the statement  "	IDbDataParameter parameter = dataParameterCollection [dbProvider.CreateParameterNameForCollection (name)] as IDbDataParameter; " is 126.
Long Statement,Spring.Data.Common,DbParameters,C:\repos\JamesKovacs_nhcontrib\sandbox\simondud\Envers.NET.Spring\Spring.NET\src\Spring\Spring.Data\Data\Common\DbParameters.cs,AssignParameterType,The length of the statement  "				throw new TypeMismatchDataAccessException ("Invalid parameter type specified for parameter name [" + parameter.ParameterName + "].  [" + parameterType.GetType ().AssemblyQualifiedName + "] is not of expected type [" + dbProvider.DbMetadata.ParameterDbType.AssemblyQualifiedName + "]"); " is 285.
Long Statement,Spring.Data.Common,DbProviderFactory,C:\repos\JamesKovacs_nhcontrib\sandbox\simondud\Envers.NET.Spring\Spring.NET\src\Spring\Spring.Data\Data\Common\DbProviderFactory.cs,InitializeDbProviderFactoryIfNeeded,The length of the statement  "						log.Info (String.Format ("{0} DbProviders Available. [{1}]"' dbProviderNames.Length' StringUtils.ArrayToCommaDelimitedString (dbProviderNames))); " is 145.
Long Statement,Spring.Data.Common,DbParametersBuilder,C:\repos\JamesKovacs_nhcontrib\sandbox\simondud\Envers.NET.Spring\Spring.NET\src\Spring\Spring.Data\Data\Common\DbParametersBuilder.cs,GetParameters,The length of the statement  "		dbParameters.AddParameter (parameter.GetName ()' parameter.GetDbType ()' parameter.GetSize ()' parameter.GetDirection ()' parameter.GetIsNullable ()' parameter.GetPrecision ()' parameter.GetScale ()' parameter.GetSourceColumn ()' parameter.GetSourceVersion ()' parameter.GetValue ()); " is 284.
Long Statement,Spring.Data.Common,MultiDelegatingDbProvider,C:\repos\JamesKovacs_nhcontrib\sandbox\simondud\Envers.NET.Spring\Spring.NET\src\Spring\Spring.Data\Data\Common\MultiDelegatingDbProvider.cs,AfterPropertiesSet,The length of the statement  "			throw new ArgumentException ("Key identifying target IDbProvider in TargetDbProviders dictionary property is required to be of type string.  Key = [" + entry.Key + "]' type = [" + entry.Key.GetType () + "]"); " is 208.
Long Statement,Spring.Data.Common,MultiDelegatingDbProvider,C:\repos\JamesKovacs_nhcontrib\sandbox\simondud\Envers.NET.Spring\Spring.NET\src\Spring\Spring.Data\Data\Common\MultiDelegatingDbProvider.cs,AfterPropertiesSet,The length of the statement  "			throw new ArgumentException ("Value in TargetDbProviders dictionary is not of type IDbProvider.  Type = [" + entry.Value.GetType () + "]"); " is 139.
Long Statement,Spring.Data.Common,MultiDelegatingDbProvider,C:\repos\JamesKovacs_nhcontrib\sandbox\simondud\Envers.NET.Spring\Spring.NET\src\Spring\Spring.Data\Data\Common\MultiDelegatingDbProvider.cs,GetTargetProvider,The length of the statement  "		throw new InvalidDataAccessApiUsageException ("No provider name found in thread local storage.  Consider setting the property DefaultDbProvider to fallback to a default value."); " is 178.
Long Statement,Spring.Data.Common,MultiDelegatingDbProvider,C:\repos\JamesKovacs_nhcontrib\sandbox\simondud\Envers.NET.Spring\Spring.NET\src\Spring\Spring.Data\Data\Common\MultiDelegatingDbProvider.cs,GetTargetProvider,The length of the statement  "	throw new InvalidDataAccessApiUsageException ("'" + dbProviderName + "'" + " was not under the thread local key 'dbProviderName' and no default IDbProvider was set."); " is 167.
Long Statement,Spring.Data.Config,DatabaseNamespaceParser,C:\repos\JamesKovacs_nhcontrib\sandbox\simondud\Envers.NET.Spring\Spring.NET\src\Spring\Spring.Data\Data\Config\DatabaseNamespaceParser.cs,ParseDatabaseConfigurer,The length of the statement  "	//            IConfigurableObjectDefinition cod = parserContext.ReaderContext.ObjectDefinitionFactory.CreateObjectDefinition( " is 125.
Long Statement,Spring.Data.Core,AdoPlatformTransactionManager,C:\repos\JamesKovacs_nhcontrib\sandbox\simondud\Envers.NET.Spring\Spring.NET\src\Spring\Spring.Data\Data\Core\AdoPlatformTransactionManager.cs,DoBegin,The length of the statement  "			//With one exception' you can switch from one isolation level to another at any time during a transaction. The exception occurs when changing from any isolation level to SNAPSHOT isolation " is 188.
Long Statement,Spring.Data.Core,AdoTemplate,C:\repos\JamesKovacs_nhcontrib\sandbox\simondud\Envers.NET.Spring\Spring.NET\src\Spring\Spring.Data\Data\Core\AdoTemplate.cs,ExecuteNonQuery,The length of the statement  "	return (int)Execute (new ExecuteNonQueryCallbackWithParameters (cmdType' cmdText' CreateDbParameters (parameterName' dbType' size' parameterValue))); " is 149.
Long Statement,Spring.Data.Core,AdoTemplate,C:\repos\JamesKovacs_nhcontrib\sandbox\simondud\Envers.NET.Spring\Spring.NET\src\Spring\Spring.Data\Data\Core\AdoTemplate.cs,ExecuteScalar,The length of the statement  "	return Execute (new ExecuteScalarCallbackWithParameters (cmdType' cmdText' CreateDbParameters (parameterName' dbType' size' parameterValue))); " is 142.
Long Statement,Spring.Data.Core,AdoTemplate,C:\repos\JamesKovacs_nhcontrib\sandbox\simondud\Envers.NET.Spring\Spring.NET\src\Spring\Spring.Data\Data\Core\AdoTemplate.cs,QueryWithRowCallback,The length of the statement  "	QueryWithResultSetExtractor (cmdType' cmdText' new RowCallbackResultSetExtractor (rowCallback)' parameterName' dbType' size' parameterValue); " is 141.
Long Statement,Spring.Data.Core,AdoTemplate,C:\repos\JamesKovacs_nhcontrib\sandbox\simondud\Envers.NET.Spring\Spring.NET\src\Spring\Spring.Data\Data\Core\AdoTemplate.cs,QueryWithRowCallbackDelegate,The length of the statement  "	QueryWithResultSetExtractor (cmdType' sql' new RowCallbackResultSetExtractor (rowCallbackDelegate)' name' dbType' size' parameterValue); " is 136.
Long Statement,Spring.Data.Core,AdoTemplate,C:\repos\JamesKovacs_nhcontrib\sandbox\simondud\Envers.NET.Spring\Spring.NET\src\Spring\Spring.Data\Data\Core\AdoTemplate.cs,QueryWithRowMapper,The length of the statement  "	return (IList)QueryWithResultSetExtractor (cmdType' cmdText' new RowMapperResultSetExtractor (rowMapper)' commandSetter); " is 121.
Long Statement,Spring.Data.Core,AdoTemplate,C:\repos\JamesKovacs_nhcontrib\sandbox\simondud\Envers.NET.Spring\Spring.NET\src\Spring\Spring.Data\Data\Core\AdoTemplate.cs,QueryWithRowMapper,The length of the statement  "	return (IList)QueryWithResultSetExtractor (cmdType' cmdText' new RowMapperResultSetExtractor (rowMapper)' name' dbType' size' parameterValue); " is 142.
Long Statement,Spring.Data.Core,AdoTemplate,C:\repos\JamesKovacs_nhcontrib\sandbox\simondud\Envers.NET.Spring\Spring.NET\src\Spring\Spring.Data\Data\Core\AdoTemplate.cs,QueryWithRowMapperDelegate,The length of the statement  "	return (IList)QueryWithResultSetExtractor (cmdType' cmdText' new RowMapperResultSetExtractor (rowMapperDelegate)' commandSetter); " is 129.
Long Statement,Spring.Data.Core,AdoTemplate,C:\repos\JamesKovacs_nhcontrib\sandbox\simondud\Envers.NET.Spring\Spring.NET\src\Spring\Spring.Data\Data\Core\AdoTemplate.cs,QueryWithRowMapperDelegate,The length of the statement  "	return (IList)QueryWithResultSetExtractor (cmdType' cmdText' new RowMapperResultSetExtractor (rowMapperDelegate)' parameterName' dbType' size' parameterValue); " is 159.
Long Statement,Spring.Data.Core,AdoTemplate,C:\repos\JamesKovacs_nhcontrib\sandbox\simondud\Envers.NET.Spring\Spring.NET\src\Spring\Spring.Data\Data\Core\AdoTemplate.cs,QueryWithRowMapperDelegate,The length of the statement  "	return (IList)QueryWithResultSetExtractor (cmdType' cmdText' new RowMapperResultSetExtractor (rowMapperDelegate)' parameters); " is 126.
Long Statement,Spring.Data.Core,AdoTemplate,C:\repos\JamesKovacs_nhcontrib\sandbox\simondud\Envers.NET.Spring\Spring.NET\src\Spring\Spring.Data\Data\Core\AdoTemplate.cs,QueryWithResultSetExtractor,The length of the statement  "	return Execute (new QueryCallback (this' cmdType' cmdText' resultSetExtractor' CreateDbParameters (name' dbType' size' parameterValue))); " is 137.
Long Statement,Spring.Data.Core,AdoTemplate,C:\repos\JamesKovacs_nhcontrib\sandbox\simondud\Envers.NET.Spring\Spring.NET\src\Spring\Spring.Data\Data\Core\AdoTemplate.cs,QueryWithResultSetExtractorDelegate,The length of the statement  "	AssertUtils.ArgumentNotNull (resultSetExtractorDelegate' "resultSetExtractorDelegate"' "Result set extractor delegate must not be null"); " is 137.
Long Statement,Spring.Data.Core,AdoTemplate,C:\repos\JamesKovacs_nhcontrib\sandbox\simondud\Envers.NET.Spring\Spring.NET\src\Spring\Spring.Data\Data\Core\AdoTemplate.cs,QueryWithResultSetExtractorDelegate,The length of the statement  "	return Execute (new QueryCallbackWithCommandSetter (this' cmdType' cmdText' resultSetExtractorDelegate' commandSetter)); " is 120.
Long Statement,Spring.Data.Core,AdoTemplate,C:\repos\JamesKovacs_nhcontrib\sandbox\simondud\Envers.NET.Spring\Spring.NET\src\Spring\Spring.Data\Data\Core\AdoTemplate.cs,QueryWithResultSetExtractorDelegate,The length of the statement  "	AssertUtils.ArgumentNotNull (resultSetExtractorDelegate' "resultSetExtractorDelegate"' "Result set extractor delegate must not be null"); " is 137.
Long Statement,Spring.Data.Core,AdoTemplate,C:\repos\JamesKovacs_nhcontrib\sandbox\simondud\Envers.NET.Spring\Spring.NET\src\Spring\Spring.Data\Data\Core\AdoTemplate.cs,QueryWithResultSetExtractorDelegate,The length of the statement  "	return Execute (new QueryCallback (this' cmdType' cmdText' resultSetExtractorDelegate' CreateDbParameters (name' dbType' size' parameterValue))); " is 145.
Long Statement,Spring.Data.Core,AdoTemplate,C:\repos\JamesKovacs_nhcontrib\sandbox\simondud\Envers.NET.Spring\Spring.NET\src\Spring\Spring.Data\Data\Core\AdoTemplate.cs,QueryWithResultSetExtractorDelegate,The length of the statement  "	AssertUtils.ArgumentNotNull (resultSetExtractorDelegate' "resultSetExtractorDelegate"' "Result set extractor delegate must not be null"); " is 137.
Long Statement,Spring.Data.Core,AdoTemplate,C:\repos\JamesKovacs_nhcontrib\sandbox\simondud\Envers.NET.Spring\Spring.NET\src\Spring\Spring.Data\Data\Core\AdoTemplate.cs,QueryForObjectDelegate,The length of the statement  "	IList results = QueryWithRowMapperDelegate (cmdType' cmdText' rowMapperDelegate' parameterName' dbType' size' parameterValue); " is 126.
Long Statement,Spring.Data.Core,AdoTemplate,C:\repos\JamesKovacs_nhcontrib\sandbox\simondud\Envers.NET.Spring\Spring.NET\src\Spring\Spring.Data\Data\Core\AdoTemplate.cs,DataTableFillWithParams,The length of the statement  "	return (int)Execute (new DataAdapterFillCallback (dataTable' commandType' sql' mappingCollection' null' null' parameters)); " is 123.
Long Statement,Spring.Data.Core,AdoTemplate,C:\repos\JamesKovacs_nhcontrib\sandbox\simondud\Envers.NET.Spring\Spring.NET\src\Spring\Spring.Data\Data\Core\AdoTemplate.cs,DataTableFillWithParams,The length of the statement  "	return (int)Execute (new DataAdapterFillCallback (dataTable' commandType' sql' mappingCollection' null' null' parameters)); " is 123.
Long Statement,Spring.Data.Core,AdoTemplate,C:\repos\JamesKovacs_nhcontrib\sandbox\simondud\Envers.NET.Spring\Spring.NET\src\Spring\Spring.Data\Data\Core\AdoTemplate.cs,DataTableFillWithParams,The length of the statement  "	return (int)Execute (new DataAdapterFillCallback (dataTable' commandType' sql' mappingCollection' null' null' parameters)); " is 123.
Long Statement,Spring.Data.Core,AdoTemplate,C:\repos\JamesKovacs_nhcontrib\sandbox\simondud\Envers.NET.Spring\Spring.NET\src\Spring\Spring.Data\Data\Core\AdoTemplate.cs,DataTableFillWithParams,The length of the statement  "	return (int)Execute (new DataAdapterFillCallback (dataTable' commandType' sql' mappingCollection' dataAdapterSetter' null' parameters)); " is 136.
Long Statement,Spring.Data.Core,AdoTemplate,C:\repos\JamesKovacs_nhcontrib\sandbox\simondud\Envers.NET.Spring\Spring.NET\src\Spring\Spring.Data\Data\Core\AdoTemplate.cs,DataTableUpdateWithCommandBuilder,The length of the statement  "	return (int)Execute (new DataAdapterUpdateWithCommandBuilderCallback (dataTable' DbProvider.CreateCommandBuilder ()' mappingCollection' commandType' selectSql' parameters' null)); " is 179.
Long Statement,Spring.Data.Core,AdoTemplate,C:\repos\JamesKovacs_nhcontrib\sandbox\simondud\Envers.NET.Spring\Spring.NET\src\Spring\Spring.Data\Data\Core\AdoTemplate.cs,DataTableUpdateWithCommandBuilder,The length of the statement  "	return (int)Execute (new DataAdapterUpdateWithCommandBuilderCallback (dataTable' DbProvider.CreateCommandBuilder ()' mappingCollection' commandType' selectSql' parameters' dataAdapterSetter)); " is 192.
Long Statement,Spring.Data.Core,AdoTemplate,C:\repos\JamesKovacs_nhcontrib\sandbox\simondud\Envers.NET.Spring\Spring.NET\src\Spring\Spring.Data\Data\Core\AdoTemplate.cs,DataTableUpdateWithCommandBuilder,The length of the statement  "	return (int)Execute (new DataAdapterUpdateWithCommandBuilderCallback (dataTable' DbProvider.CreateCommandBuilder ()' mappingCollection' commandType' selectSql' parameters' dataAdapterSetter)); " is 192.
Long Statement,Spring.Data.Core,AdoTemplate,C:\repos\JamesKovacs_nhcontrib\sandbox\simondud\Envers.NET.Spring\Spring.NET\src\Spring\Spring.Data\Data\Core\AdoTemplate.cs,DataTableUpdate,The length of the statement  "	return DataTableUpdate (dataTable' mappingCollection' insertCommandtype' insertSql' insertParameters' updateCommandtype' updateSql' updateParameters' deleteCommandtype' deleteSql' deleteParameters' null); " is 204.
Long Statement,Spring.Data.Core,AdoTemplate,C:\repos\JamesKovacs_nhcontrib\sandbox\simondud\Envers.NET.Spring\Spring.NET\src\Spring\Spring.Data\Data\Core\AdoTemplate.cs,DataTableUpdate,The length of the statement  "	return DataTableUpdate (dataTable' mappingCollection' insertCommandtype' insertSql' insertParameters' updateCommandtype' updateSql' updateParameters' deleteCommandtype' deleteSql' deleteParameters' dataAdapterSetter); " is 217.
Long Statement,Spring.Data.Core,AdoTemplate,C:\repos\JamesKovacs_nhcontrib\sandbox\simondud\Envers.NET.Spring\Spring.NET\src\Spring\Spring.Data\Data\Core\AdoTemplate.cs,DataTableUpdate,The length of the statement  "	return DataTableUpdate (dataTable' mappingCollection' insertCommandtype' insertSql' insertParameters' updateCommandtype' updateSql' updateParameters' deleteCommandtype' deleteSql' deleteParameters' dataAdapterSetter); " is 217.
Long Statement,Spring.Data.Core,AdoTemplate,C:\repos\JamesKovacs_nhcontrib\sandbox\simondud\Envers.NET.Spring\Spring.NET\src\Spring\Spring.Data\Data\Core\AdoTemplate.cs,DataSetCreateWithParams,The length of the statement  "	DataSetFillWithParameters (dataSet' commandType' sql' parameters' tableMapping' dataAdapterSetter' fillLifecycleProcessor); " is 123.
Long Statement,Spring.Data.Core,AdoTemplate,C:\repos\JamesKovacs_nhcontrib\sandbox\simondud\Envers.NET.Spring\Spring.NET\src\Spring\Spring.Data\Data\Core\AdoTemplate.cs,DataSetFill,The length of the statement  "	return (int)Execute (new DataAdapterFillCallback (dataSet' commandType' sql' tableMapping' setter' fillLifecycleProcessor' null)); " is 130.
Long Statement,Spring.Data.Core,AdoTemplate,C:\repos\JamesKovacs_nhcontrib\sandbox\simondud\Envers.NET.Spring\Spring.NET\src\Spring\Spring.Data\Data\Core\AdoTemplate.cs,DataSetFillWithParameters,The length of the statement  "	return (int)Execute (new DataAdapterFillCallback (dataSet' commandType' sql' mappingCollection' null' null' parameters)); " is 121.
Long Statement,Spring.Data.Core,AdoTemplate,C:\repos\JamesKovacs_nhcontrib\sandbox\simondud\Envers.NET.Spring\Spring.NET\src\Spring\Spring.Data\Data\Core\AdoTemplate.cs,DataSetFillWithParameters,The length of the statement  "	return (int)Execute (new DataAdapterFillCallback (dataSet' commandType' sql' tableMapping' dataAdapterSetter' null' parameters)); " is 129.
Long Statement,Spring.Data.Core,AdoTemplate,C:\repos\JamesKovacs_nhcontrib\sandbox\simondud\Envers.NET.Spring\Spring.NET\src\Spring\Spring.Data\Data\Core\AdoTemplate.cs,DataSetFillWithParameters,The length of the statement  "	return (int)Execute (new DataAdapterFillCallback (dataSet' commandType' sql' tableMapping' dataAdapterSetter' fillLifecycleProcessor' parameters)); " is 147.
Long Statement,Spring.Data.Core,AdoTemplate,C:\repos\JamesKovacs_nhcontrib\sandbox\simondud\Envers.NET.Spring\Spring.NET\src\Spring\Spring.Data\Data\Core\AdoTemplate.cs,DataSetUpdateWithCommandBuilder,The length of the statement  "	return (int)Execute (new DataAdapterUpdateWithCommandBuilderCallback (dataSet' DbProvider.CreateCommandBuilder ()' mappingCollection' commandType' selectSql' selectParameters' null)); " is 183.
Long Statement,Spring.Data.Core,AdoTemplate,C:\repos\JamesKovacs_nhcontrib\sandbox\simondud\Envers.NET.Spring\Spring.NET\src\Spring\Spring.Data\Data\Core\AdoTemplate.cs,DataSetUpdateWithCommandBuilder,The length of the statement  "	return (int)Execute (new DataAdapterUpdateWithCommandBuilderCallback (dataSet' DbProvider.CreateCommandBuilder ()' mappingCollection' commandType' selectSql' selectParameters' dataAdapterSetter)); " is 196.
Long Statement,Spring.Data.Core,AdoTemplate,C:\repos\JamesKovacs_nhcontrib\sandbox\simondud\Envers.NET.Spring\Spring.NET\src\Spring\Spring.Data\Data\Core\AdoTemplate.cs,DataSetUpdateWithCommandBuilder,The length of the statement  "	return (int)Execute (new DataAdapterUpdateWithCommandBuilderCallback (dataSet' DbProvider.CreateCommandBuilder ()' mappingCollection' commandType' selectSql' selectParameters' dataAdapterSetter)); " is 196.
Long Statement,Spring.Data.Core,AdoTemplate,C:\repos\JamesKovacs_nhcontrib\sandbox\simondud\Envers.NET.Spring\Spring.NET\src\Spring\Spring.Data\Data\Core\AdoTemplate.cs,DataSetUpdate,The length of the statement  "	return (int)Execute (new DataAdapterUpdateCallback (dataSet' mappingCollection' insertCommand' updateCommand' deleteCommand' null)); " is 132.
Long Statement,Spring.Data.Core,AdoTemplate,C:\repos\JamesKovacs_nhcontrib\sandbox\simondud\Envers.NET.Spring\Spring.NET\src\Spring\Spring.Data\Data\Core\AdoTemplate.cs,DataSetUpdate,The length of the statement  "	int returnVal = (int)Execute (new DataAdapterUpdateCallback (dataSet' mappingCollection' insertCommand' updateCommand' deleteCommand' null)); " is 141.
Long Statement,Spring.Data.Core,AdoTemplate,C:\repos\JamesKovacs_nhcontrib\sandbox\simondud\Envers.NET.Spring\Spring.NET\src\Spring\Spring.Data\Data\Core\AdoTemplate.cs,DataSetUpdate,The length of the statement  "	return (int)Execute (new DataAdapterUpdateCallback (dataSet' tableMapping' insertCommand' updateCommand' deleteCommand' dataAdapterSetter)); " is 140.
Long Statement,Spring.Data.Core,AdoTemplate,C:\repos\JamesKovacs_nhcontrib\sandbox\simondud\Envers.NET.Spring\Spring.NET\src\Spring\Spring.Data\Data\Core\AdoTemplate.cs,DataSetUpdate,The length of the statement  "	return (int)Execute (new DataAdapterUpdateCallback (dataSet' tableMapping' insertCommand' updateCommand' deleteCommand' null)); " is 127.
Long Statement,Spring.Data.Core,AdoTemplate,C:\repos\JamesKovacs_nhcontrib\sandbox\simondud\Envers.NET.Spring\Spring.NET\src\Spring\Spring.Data\Data\Core\AdoTemplate.cs,DataSetUpdate,The length of the statement  "	return (int)Execute (new DataAdapterUpdateCallback (dataSet' tableMapping' insertCommand' updateCommand' deleteCommand' dataAdapterSetter)); " is 140.
Long Statement,Spring.Data.Core,AdoTemplate,C:\repos\JamesKovacs_nhcontrib\sandbox\simondud\Envers.NET.Spring\Spring.NET\src\Spring\Spring.Data\Data\Core\AdoTemplate.cs,DeriveParameters,The length of the statement  "	return (IDataParameter[])Execute (new DeriveParametersCommandCallback (DbProvider' procedureName' includeReturnParameter)); " is 123.
Long Statement,Spring.Data.Core,AdoTemplate,C:\repos\JamesKovacs_nhcontrib\sandbox\simondud\Envers.NET.Spring\Spring.NET\src\Spring\Spring.Data\Data\Core\AdoTemplate.cs,DataTableUpdate,The length of the statement  "	int returnVal = (int)Execute (new DataAdapterUpdateCallback (dataTable' mappingCollection' insertCommand' updateCommand' deleteCommand' null)); " is 143.
Long Statement,Spring.Data.Core,AdoTemplate,C:\repos\JamesKovacs_nhcontrib\sandbox\simondud\Envers.NET.Spring\Spring.NET\src\Spring\Spring.Data\Data\Core\AdoTemplate.cs,ValidateFillArguments,The length of the statement  "		throw new ArgumentNullException ("tableMappingCollection"' "ITableMappingCollection for DataSet Fill operations can not be null"); " is 130.
Long Statement,Spring.Data.Core,AdoTemplate,C:\repos\JamesKovacs_nhcontrib\sandbox\simondud\Envers.NET.Spring\Spring.NET\src\Spring\Spring.Data\Data\Core\AdoTemplate.cs,ValidateFillWithParameterArguments,The length of the statement  "		throw new ArgumentNullException ("tableMapping"' "ITableMappingCollection for DataTable Fill operations can not be null"); " is 122.
Long Statement,Spring.Data.Core,AdoTemplate,C:\repos\JamesKovacs_nhcontrib\sandbox\simondud\Envers.NET.Spring\Spring.NET\src\Spring\Spring.Data\Data\Core\AdoTemplate.cs,ValidateFillWithParameterArguments,The length of the statement  "		throw new ArgumentNullException ("tableMapping"' "ITableMappingCollection for DataSet Fill operations can not be null"); " is 120.
Long Statement,Spring.Data.Core,ServiceDomainPlatformTransactionManager,C:\repos\JamesKovacs_nhcontrib\sandbox\simondud\Envers.NET.Spring\Spring.NET\src\Spring\Spring.Data\Data\Core\ServiceDomainPlatformTransactionManager.cs,DoBegin,The length of the statement  "		throw new TransactionSystemException ("ServiceDomain failure on begin of transaction.  Platform does not support EnterpriseServices 'Services without Components'"' ex); " is 168.
Long Statement,Spring.Data.Core,ServiceDomainPlatformTransactionManager,C:\repos\JamesKovacs_nhcontrib\sandbox\simondud\Envers.NET.Spring\Spring.NET\src\Spring\Spring.Data\Data\Core\ServiceDomainPlatformTransactionManager.cs,DoServiceDomainBegin,The length of the statement  "		log.Debug ("Context created. TransactionId = " + ContextUtil.TransactionId + "' ActivityId = " + ContextUtil.ActivityId); " is 121.
Long Statement,Spring.Data.Core,ServiceDomainPlatformTransactionManager,C:\repos\JamesKovacs_nhcontrib\sandbox\simondud\Envers.NET.Spring\Spring.NET\src\Spring\Spring.Data\Data\Core\ServiceDomainPlatformTransactionManager.cs,ApplyIsolationLevel,The length of the statement  "			log.Info ("IsolationLevel Snapshot does not have a direct counterpart in EnterpriseServices' using ReadCommitted.  Introduced in SqlServer 2005.  Consider using System.Transactions for transaction management instead."); " is 219.
Long Statement,Spring.Data.Core,ServiceDomainPlatformTransactionManager,C:\repos\JamesKovacs_nhcontrib\sandbox\simondud\Envers.NET.Spring\Spring.NET\src\Spring\Spring.Data\Data\Core\ServiceDomainPlatformTransactionManager.cs,ApplyPropagationBehavior,The length of the statement  "		log.Warn ("The requested transaction propagation option " + definition.PropagationBehavior + " is not supported.  " + "Defaulting to Never(Disabled) "); " is 152.
Long Statement,Spring.Data.Core,ServiceDomainPlatformTransactionManager,C:\repos\JamesKovacs_nhcontrib\sandbox\simondud\Envers.NET.Spring\Spring.NET\src\Spring\Spring.Data\Data\Core\ServiceDomainPlatformTransactionManager.cs,DoCommit,The length of the statement  "		throw new TransactionSystemException ("Failure on Commit.  Platform does not support EnterpriseServices 'Services without Components'"' ex); " is 140.
Long Statement,Spring.Data.Core,ServiceDomainPlatformTransactionManager,C:\repos\JamesKovacs_nhcontrib\sandbox\simondud\Envers.NET.Spring\Spring.NET\src\Spring\Spring.Data\Data\Core\ServiceDomainPlatformTransactionManager.cs,DoRollback,The length of the statement  "			throw new TransactionSystemException ("Failure on Rollback.  Platform does not support EnterpriseServices 'Services without Components'"' ex); " is 142.
Long Statement,Spring.Data.Core,TxScopeTransactionManager,C:\repos\JamesKovacs_nhcontrib\sandbox\simondud\Envers.NET.Spring\Spring.NET\src\Spring\Spring.Data\Data\Core\TxScopeTransactionManager.cs,DoSuspend,The length of the statement  "	// Passing the current TxScopeAdapter as the 'suspended resource'' even though it is not used just to avoid passing null " is 120.
Long Statement,Spring.Data.Core,TxScopeTransactionManager,C:\repos\JamesKovacs_nhcontrib\sandbox\simondud\Envers.NET.Spring\Spring.NET\src\Spring\Spring.Data\Data\Core\TxScopeTransactionManager.cs,CreateTransactionScopeOptions,The length of the statement  "		throw new Spring.Transaction.TransactionSystemException ("Transaction Propagation Behavior" + definition.PropagationBehavior + " not supported by TransactionScope.  Use Required or RequiredNew"); " is 195.
Long Statement,Spring.Data.Generic,AdoTemplate,C:\repos\JamesKovacs_nhcontrib\sandbox\simondud\Envers.NET.Spring\Spring.NET\src\Spring\Spring.Data\Data\Generic\AdoTemplate.cs,Execute,The length of the statement  "			throw new InvalidDataAccessApiUsageException ("Providers implementation of IDbCommand does not inherit from System.Data.Common.DbCommand.  Use the alternative overloaded Execute method that specifies IDbCommandCallback as a parameter."); " is 237.
Long Statement,Spring.Data.Generic,AdoTemplate,C:\repos\JamesKovacs_nhcontrib\sandbox\simondud\Envers.NET.Spring\Spring.NET\src\Spring\Spring.Data\Data\Generic\AdoTemplate.cs,Execute,The length of the statement  "			throw new InvalidDataAccessApiUsageException ("Providers implementation of IDbCommand does not inherit from System.Data.Common.DbCommand.  Use the alternative overloaded Execute method that specifies IDbCommandDelegate as a parameter."); " is 237.
Long Statement,Spring.Data.Generic,AdoTemplate,C:\repos\JamesKovacs_nhcontrib\sandbox\simondud\Envers.NET.Spring\Spring.NET\src\Spring\Spring.Data\Data\Generic\AdoTemplate.cs,QueryWithRowCallbackDelegate,The length of the statement  "	classicAdoTemplate.QueryWithRowCallbackDelegate (cmdType' sql' rowCallbackDelegate' parameterName' dbType' size' parameterValue); " is 129.
Long Statement,Spring.Data.Generic,AdoTemplate,C:\repos\JamesKovacs_nhcontrib\sandbox\simondud\Envers.NET.Spring\Spring.NET\src\Spring\Spring.Data\Data\Generic\AdoTemplate.cs,QueryWithRowMapper,The length of the statement  "	return QueryWithResultSetExtractor (cmdType' cmdText' new RowMapperResultSetExtractor<T> (rowMapper)' parameterName' dbType' size' parameterValue); " is 147.
Long Statement,Spring.Data.Generic,AdoTemplate,C:\repos\JamesKovacs_nhcontrib\sandbox\simondud\Envers.NET.Spring\Spring.NET\src\Spring\Spring.Data\Data\Generic\AdoTemplate.cs,QueryWithRowMapperDelegate,The length of the statement  "	return QueryWithResultSetExtractor (cmdType' cmdText' new RowMapperResultSetExtractor<T> (rowMapperDelegate)' commandSetter); " is 125.
Long Statement,Spring.Data.Generic,AdoTemplate,C:\repos\JamesKovacs_nhcontrib\sandbox\simondud\Envers.NET.Spring\Spring.NET\src\Spring\Spring.Data\Data\Generic\AdoTemplate.cs,QueryWithRowMapperDelegate,The length of the statement  "	return QueryWithResultSetExtractor (cmdType' cmdText' new RowMapperResultSetExtractor<T> (rowMapperDelegate)' parameterName' dbType' size' parameterValue); " is 155.
Long Statement,Spring.Data.Generic,AdoTemplate,C:\repos\JamesKovacs_nhcontrib\sandbox\simondud\Envers.NET.Spring\Spring.NET\src\Spring\Spring.Data\Data\Generic\AdoTemplate.cs,QueryWithRowMapperDelegate,The length of the statement  "	return QueryWithResultSetExtractor (cmdType' cmdText' new RowMapperResultSetExtractor<T> (rowMapperDelegate)' parameters); " is 122.
Long Statement,Spring.Data.Generic,AdoTemplate,C:\repos\JamesKovacs_nhcontrib\sandbox\simondud\Envers.NET.Spring\Spring.NET\src\Spring\Spring.Data\Data\Generic\AdoTemplate.cs,QueryWithResultSetExtractor,The length of the statement  "	return Execute<T> (new QueryCallback<T> (this' commandType' cmdText' resultSetExtractor' CreateDbParameters (name' dbType' size' parameterValue))); " is 147.
Long Statement,Spring.Data.Generic,AdoTemplate,C:\repos\JamesKovacs_nhcontrib\sandbox\simondud\Envers.NET.Spring\Spring.NET\src\Spring\Spring.Data\Data\Generic\AdoTemplate.cs,QueryWithResultSetExtractor,The length of the statement  "	return Execute<T> (new QueryCallbackWithCommandSetterDelegate<T> (this' cmdType' cmdText' resultSetExtractor' commandSetterDelegate)); " is 134.
Long Statement,Spring.Data.Generic,AdoTemplate,C:\repos\JamesKovacs_nhcontrib\sandbox\simondud\Envers.NET.Spring\Spring.NET\src\Spring\Spring.Data\Data\Generic\AdoTemplate.cs,QueryWithResultSetExtractorDelegate,The length of the statement  "	AssertUtils.ArgumentNotNull (resultSetExtractorDelegate' "resultSetExtractorDelegate"' "Result set extractor delegate must not be null"); " is 137.
Long Statement,Spring.Data.Generic,AdoTemplate,C:\repos\JamesKovacs_nhcontrib\sandbox\simondud\Envers.NET.Spring\Spring.NET\src\Spring\Spring.Data\Data\Generic\AdoTemplate.cs,QueryWithResultSetExtractorDelegate,The length of the statement  "	AssertUtils.ArgumentNotNull (resultSetExtractorDelegate' "resultSetExtractorDelegate"' "Result set extractor delegate must not be null"); " is 137.
Long Statement,Spring.Data.Generic,AdoTemplate,C:\repos\JamesKovacs_nhcontrib\sandbox\simondud\Envers.NET.Spring\Spring.NET\src\Spring\Spring.Data\Data\Generic\AdoTemplate.cs,QueryWithResultSetExtractorDelegate,The length of the statement  "	return Execute<T> (new QueryCallback<T> (this' commandType' cmdText' resultSetExtractorDelegate' CreateDbParameters (paramenterName' dbType' size' parameterValue))); " is 165.
Long Statement,Spring.Data.Generic,AdoTemplate,C:\repos\JamesKovacs_nhcontrib\sandbox\simondud\Envers.NET.Spring\Spring.NET\src\Spring\Spring.Data\Data\Generic\AdoTemplate.cs,QueryWithResultSetExtractorDelegate,The length of the statement  "	AssertUtils.ArgumentNotNull (resultSetExtractorDelegate' "resultSetExtractorDelegate"' "Result set extractor delegate  must not be null"); " is 138.
Long Statement,Spring.Data.Generic,AdoTemplate,C:\repos\JamesKovacs_nhcontrib\sandbox\simondud\Envers.NET.Spring\Spring.NET\src\Spring\Spring.Data\Data\Generic\AdoTemplate.cs,QueryWithResultSetExtractorDelegate,The length of the statement  "	AssertUtils.ArgumentNotNull (resultSetExtractorDelegate' "resultSetExtractorDelegate"' "Result set extractor delegate must not be null"); " is 137.
Long Statement,Spring.Data.Generic,AdoTemplate,C:\repos\JamesKovacs_nhcontrib\sandbox\simondud\Envers.NET.Spring\Spring.NET\src\Spring\Spring.Data\Data\Generic\AdoTemplate.cs,QueryWithResultSetExtractorDelegate,The length of the statement  "	return Execute<T> (new QueryCallbackWithCommandSetter<T> (this' cmdType' cmdText' resultSetExtractorDelegate' commandSetter)); " is 126.
Long Statement,Spring.Data.Generic,AdoTemplate,C:\repos\JamesKovacs_nhcontrib\sandbox\simondud\Envers.NET.Spring\Spring.NET\src\Spring\Spring.Data\Data\Generic\AdoTemplate.cs,QueryWithResultSetExtractorDelegate,The length of the statement  "	AssertUtils.ArgumentNotNull (resultSetExtractorDelegate' "resultSetExtractorDelegate"' "Result set extractor delegate must not be null"); " is 137.
Long Statement,Spring.Data.Generic,AdoTemplate,C:\repos\JamesKovacs_nhcontrib\sandbox\simondud\Envers.NET.Spring\Spring.NET\src\Spring\Spring.Data\Data\Generic\AdoTemplate.cs,QueryWithResultSetExtractorDelegate,The length of the statement  "	return Execute<T> (new QueryCallbackWithCommandSetterDelegate<T> (this' cmdType' cmdText' resultSetExtractorDelegate' commandSetterDelegate)); " is 142.
Long Statement,Spring.Data.Generic,AdoTemplate,C:\repos\JamesKovacs_nhcontrib\sandbox\simondud\Envers.NET.Spring\Spring.NET\src\Spring\Spring.Data\Data\Generic\AdoTemplate.cs,QueryForObjectDelegate,The length of the statement  "	IList<T> results = QueryWithRowMapperDelegate (cmdType' cmdText' rowMapperDelegate' parameterName' dbType' size' parameterValue); " is 129.
Long Statement,Spring.Data.Generic,AdoTemplate,C:\repos\JamesKovacs_nhcontrib\sandbox\simondud\Envers.NET.Spring\Spring.NET\src\Spring\Spring.Data\Data\Generic\AdoTemplate.cs,QueryWithCommandCreator,The length of the statement  "	return classicAdoTemplate.Execute (cc' new AdoResultProcessorsQueryCommandCallback<T> (this' namedResultSetProcessors)) as IDictionary; " is 135.
Long Statement,Spring.Data.Generic,AdoTemplate,C:\repos\JamesKovacs_nhcontrib\sandbox\simondud\Envers.NET.Spring\Spring.NET\src\Spring\Spring.Data\Data\Generic\AdoTemplate.cs,QueryWithCommandCreator,The length of the statement  "	return classicAdoTemplate.Execute (cc' new AdoResultProcessorsQueryCommandCallback<T' U> (this' namedResultSetProcessors)) as IDictionary; " is 138.
Long Statement,Spring.Data.Objects,AbstractAdoOperation,C:\repos\JamesKovacs_nhcontrib\sandbox\simondud\Envers.NET.Spring\Spring.NET\src\Spring\Spring.Data\Data\Objects\AbstractAdoOperation.cs,ValidateParameters,The length of the statement  "			throw new InvalidDataAccessApiUsageException (inParamValues.Length + " parameters were supplied' but " + declaredInParameters + " in parameters were declared in class [" + GetType ().AssemblyQualifiedName + "]"); " is 212.
Long Statement,Spring.Data.Objects,AbstractAdoOperation,C:\repos\JamesKovacs_nhcontrib\sandbox\simondud\Envers.NET.Spring\Spring.NET\src\Spring\Spring.Data\Data\Objects\AbstractAdoOperation.cs,ValidateParameters,The length of the statement  "			throw new InvalidDataAccessApiUsageException (inParamValues.Length + " parameters were supplied' but " + DeclaredParameters.Count + " parameters were declared " + "in class [" + GetType ().AssemblyQualifiedName + "]"); " is 218.
Long Statement,Spring.Data.Objects,AbstractAdoOperation,C:\repos\JamesKovacs_nhcontrib\sandbox\simondud\Envers.NET.Spring\Spring.NET\src\Spring\Spring.Data\Data\Objects\AbstractAdoOperation.cs,ValidateNamedParameters,The length of the statement  "				throw new InvalidDataAccessApiUsageException ("All parameters must have name specified when using the methods " + "dedicated to named parameter support"); " is 154.
Long Statement,Spring.Data.Objects,AbstractAdoOperation,C:\repos\JamesKovacs_nhcontrib\sandbox\simondud\Envers.NET.Spring\Spring.NET\src\Spring\Spring.Data\Data\Objects\AbstractAdoOperation.cs,ValidateNamedParameters,The length of the statement  "				throw new InvalidDataAccessApiUsageException ("The parameter named '" + declaredParameter + "' was not among the parameters supplied: " + paramsToUse.Keys); " is 156.
Long Statement,Spring.Data.Objects.Generic,StoredProcedure,C:\repos\JamesKovacs_nhcontrib\sandbox\simondud\Envers.NET.Spring\Spring.NET\src\Spring\Spring.Data\Data\Objects\Generic\StoredProcedure.cs,Query,The length of the statement  "	return AdoTemplate.QueryWithCommandCreator<T' U> (NewCommandCreatorWithParamValues (inParameterValues)' resultProcessors); " is 122.
Long Statement,Spring.Data.Support,AdoTransactionObjectSupport,C:\repos\JamesKovacs_nhcontrib\sandbox\simondud\Envers.NET.Spring\Spring.NET\src\Spring\Spring.Data\Data\Support\AdoTransactionObjectSupport.cs,CreateSavepoint,The length of the statement  "	throw new NestedTransactionNotSupportedException ("Cannot create a nested transaction because savepoints have not been implemented in the metadata for the DbProvider."); " is 169.
Long Statement,Spring.Data.Support,AdoTransactionObjectSupport,C:\repos\JamesKovacs_nhcontrib\sandbox\simondud\Envers.NET.Spring\Spring.NET\src\Spring\Spring.Data\Data\Support\AdoTransactionObjectSupport.cs,RollbackToSavepoint,The length of the statement  "	throw new NestedTransactionNotSupportedException ("Cannot rollback to a savepoint in a nested transaction because savepoints have not been implemented in the metadata for the DbProvider."); " is 189.
Long Statement,Spring.Data.Support,AdoTransactionObjectSupport,C:\repos\JamesKovacs_nhcontrib\sandbox\simondud\Envers.NET.Spring\Spring.NET\src\Spring\Spring.Data\Data\Support\AdoTransactionObjectSupport.cs,ReleaseSavepoint,The length of the statement  "	throw new NestedTransactionNotSupportedException ("Cannot release a savepoint in a nested transaction because savepoints have not been implemented in the metadata for the DbProvider."); " is 185.
Long Statement,Spring.Data.Support,ErrorCodeExceptionTranslator,C:\repos\JamesKovacs_nhcontrib\sandbox\simondud\Envers.NET.Spring\Spring.NET\src\Spring\Spring.Data\Data\Support\ErrorCodeExceptionTranslator.cs,LogTranslation,The length of the statement  "		log.Debug (intro + " ADO exception with error code '" + errorCode + "'' message [" + exception.Message + "]; SQL was [" + sql + "] for task [" + task + "]"); " is 157.
Long Statement,Spring.Data.Support,ParameterUtils,C:\repos\JamesKovacs_nhcontrib\sandbox\simondud\Envers.NET.Spring\Spring.NET\src\Spring\Spring.Data\Data\Support\ParameterUtils.cs,ExtractOutputParameters,The length of the statement  "		if (dbDataParameter.Direction == ParameterDirection.Output || dbDataParameter.Direction == ParameterDirection.InputOutput) { " is 124.
Long Statement,Spring.Data.Support,TypedDataSetUtils,C:\repos\JamesKovacs_nhcontrib\sandbox\simondud\Envers.NET.Spring\Spring.NET\src\Spring\Spring.Data\Data\Support\TypedDataSetUtils.cs,ApplyConnectionAndTx,The length of the statement  "	ApplyConnectionAndTxToDataAdapter (typedDataSetAdapter' connectionTxPairToUse.Connection' connectionTxPairToUse.Transaction); " is 125.
Long Statement,Spring.Data.Support,TypedDataSetUtils,C:\repos\JamesKovacs_nhcontrib\sandbox\simondud\Envers.NET.Spring\Spring.NET\src\Spring\Spring.Data\Data\Support\TypedDataSetUtils.cs,GetCommandCollection,The length of the statement  "	PropertyInfo pi = typedDataSetAdapter.GetType ().GetProperty ("CommandCollection"' BindingFlags.NonPublic | BindingFlags.Instance); " is 131.
Long Statement,Spring.Data.Support,TypedDataSetUtils,C:\repos\JamesKovacs_nhcontrib\sandbox\simondud\Envers.NET.Spring\Spring.NET\src\Spring\Spring.Data\Data\Support\TypedDataSetUtils.cs,GetDataAdapter,The length of the statement  "	PropertyInfo api = typedDataSetAdapter.GetType ().GetProperty ("Adapter"' BindingFlags.NonPublic | BindingFlags.Instance); " is 122.
Long Statement,Spring.Transaction.Config,AttributeDrivenObjectDefinitionParser,C:\repos\JamesKovacs_nhcontrib\sandbox\simondud\Envers.NET.Spring\Spring.NET\src\Spring\Spring.Data\Transaction\Config\AttributeDrivenObjectDefinitionParser.cs,ParseInternal,The length of the statement  "	interceptorDefinition.PropertyValues.Add (TxNamespaceUtils.TRANSACTION_ATTRIBUTE_SOURCE' new RuntimeObjectReference (sourceName)); " is 130.
Long Statement,Spring.Transaction.Config,AttributeDrivenObjectDefinitionParser,C:\repos\JamesKovacs_nhcontrib\sandbox\simondud\Envers.NET.Spring\Spring.NET\src\Spring\Spring.Data\Transaction\Config\AttributeDrivenObjectDefinitionParser.cs,RegisterTransactionManager,The length of the statement  "	interceptorDefinition.PropertyValues.Add (TxNamespaceUtils.TRANSACTION_MANAGER_PROPERTY' new RuntimeObjectReference (transactionManagerName)); " is 142.
Long Statement,Spring.Transaction.Config,TxAdviceObjectDefinitionParser,C:\repos\JamesKovacs_nhcontrib\sandbox\simondud\Envers.NET.Spring\Spring.NET\src\Spring\Spring.Data\Transaction\Config\TxAdviceObjectDefinitionParser.cs,DoParse,The length of the statement  "	builder.AddPropertyReference (TxNamespaceUtils.TRANSACTION_MANAGER_PROPERTY' GetAttributeValue (element' TxNamespaceUtils.TRANSACTION_MANAGER_ATTRIBUTE)); " is 154.
Long Statement,Spring.Transaction.Config,TxAdviceObjectDefinitionParser,C:\repos\JamesKovacs_nhcontrib\sandbox\simondud\Envers.NET.Spring\Spring.NET\src\Spring\Spring.Data\Transaction\Config\TxAdviceObjectDefinitionParser.cs,DoParse,The length of the statement  "	XmlNodeList txAttributes = element.SelectNodes ("*[local-name()='attributes' and namespace-uri()='" + element.NamespaceURI + "']"); " is 131.
Long Statement,Spring.Transaction.Config,TxAdviceObjectDefinitionParser,C:\repos\JamesKovacs_nhcontrib\sandbox\simondud\Envers.NET.Spring\Spring.NET\src\Spring\Spring.Data\Transaction\Config\TxAdviceObjectDefinitionParser.cs,DoParse,The length of the statement  "		parserContext.ReaderContext.ReportException (element' "tx advice"' "Element <attributes> is allowed at most once inside element <advice>"); " is 139.
Long Statement,Spring.Transaction.Config,TxAdviceObjectDefinitionParser,C:\repos\JamesKovacs_nhcontrib\sandbox\simondud\Envers.NET.Spring\Spring.NET\src\Spring\Spring.Data\Transaction\Config\TxAdviceObjectDefinitionParser.cs,DoParse,The length of the statement  "		ObjectDefinitionBuilder txAttributeSourceBuilder = parserContext.ParserHelper.CreateRootObjectDefinitionBuilder (typeof(AttributesTransactionAttributeSource)); " is 159.
Long Statement,Spring.Transaction.Config,TxAdviceObjectDefinitionParser,C:\repos\JamesKovacs_nhcontrib\sandbox\simondud\Envers.NET.Spring\Spring.NET\src\Spring\Spring.Data\Transaction\Config\TxAdviceObjectDefinitionParser.cs,ParseAttributeSource,The length of the statement  "	XmlNodeList methods = element.SelectNodes ("*[local-name()='method' and namespace-uri()='" + element.NamespaceURI + "']"); " is 122.
Long Statement,Spring.Transaction.Config,TxAdviceObjectDefinitionParser,C:\repos\JamesKovacs_nhcontrib\sandbox\simondud\Envers.NET.Spring\Spring.NET\src\Spring\Spring.Data\Transaction\Config\TxAdviceObjectDefinitionParser.cs,ParseAttributeSource,The length of the statement  "				parserContext.ReaderContext.ReportException (methodElement' "tx advice"' "timeout must be an integer value: [" + timeout + "]"' ex); " is 132.
Long Statement,Spring.Transaction.Config,TxAdviceObjectDefinitionParser,C:\repos\JamesKovacs_nhcontrib\sandbox\simondud\Envers.NET.Spring\Spring.NET\src\Spring\Spring.Data\Transaction\Config\TxAdviceObjectDefinitionParser.cs,ParseAttributeSource,The length of the statement  "	ObjectDefinitionBuilder builder = parserContext.ParserHelper.CreateRootObjectDefinitionBuilder (typeof(NameMatchTransactionAttributeSource)); " is 141.
Long Statement,Spring.Transaction.Interceptor,AbstractFallbackTransactionAttributeSource,C:\repos\JamesKovacs_nhcontrib\sandbox\simondud\Envers.NET.Spring\Spring.NET\src\Spring\Spring.Data\Transaction\Interceptor\AbstractFallbackTransactionAttributeSource.cs,computeTransactionAttribute,The length of the statement  "		MemberInfo[] matchingMethods = targetType.FindMembers (MemberTypes.Method' BindingFlags.Instance | BindingFlags.Public' new MemberFilter (new CriteriaMemberFilter ().FilterMemberByCriteria)' searchCriteria); " is 207.
Long Statement,Spring.Transaction.Interceptor,MatchAlwaysTransactionAttributeSource,C:\repos\JamesKovacs_nhcontrib\sandbox\simondud\Envers.NET.Spring\Spring.NET\src\Spring\Spring.Data\Transaction\Interceptor\MatchAlwaysTransactionAttributeSource.cs,Equals,The length of the statement  "	MatchAlwaysTransactionAttributeSource matchAlwaysTransactionAttributeSource = obj as MatchAlwaysTransactionAttributeSource; " is 123.
Long Statement,Spring.Transaction.Interceptor,MethodMapTransactionAttributeSource,C:\repos\JamesKovacs_nhcontrib\sandbox\simondud\Envers.NET.Spring\Spring.NET\src\Spring\Spring.Data\Transaction\Interceptor\MethodMapTransactionAttributeSource.cs,AddTransactionalMethod,The length of the statement  "		throw new ArgumentException ("'" + name + "'" + " is not a valid method name' missing AssemblyName.  Format is FQN.MethodName' AssemblyName."); " is 143.
Long Statement,Spring.Transaction.Interceptor,MethodMapTransactionAttributeSource,C:\repos\JamesKovacs_nhcontrib\sandbox\simondud\Envers.NET.Spring\Spring.NET\src\Spring\Spring.Data\Transaction\Interceptor\MethodMapTransactionAttributeSource.cs,AddTransactionalMethod,The length of the statement  "				LOG.Debug ("Replacing attribute for transactional method [" + currentMethod + "]: current name '" + name + "' is more specific than '" + regularMethodName + "'"); " is 162.
Long Statement,Spring.Transaction.Interceptor,MethodMapTransactionAttributeSource,C:\repos\JamesKovacs_nhcontrib\sandbox\simondud\Envers.NET.Spring\Spring.NET\src\Spring\Spring.Data\Transaction\Interceptor\MethodMapTransactionAttributeSource.cs,AddTransactionalMethod,The length of the statement  "				LOG.Debug ("Keeping attribute for transactional method [" + currentMethod + "]: current name '" + name + "' is not more specific than '" + regularMethodName + "'"); " is 164.
Long Statement,Spring.Transaction.Interceptor,MethodMapTransactionAttributeSource,C:\repos\JamesKovacs_nhcontrib\sandbox\simondud\Envers.NET.Spring\Spring.NET\src\Spring\Spring.Data\Transaction\Interceptor\MethodMapTransactionAttributeSource.cs,ReturnTransactionAttribute,The length of the statement  "			MemberInfo[] matchingMethods = targetType.FindMembers (MemberTypes.Method' BindingFlags.Instance | BindingFlags.Public' new MemberFilter (new CriteriaMemberFilter ().FilterMemberByCriteria)' searchCriteria); " is 207.
Long Statement,Spring.Transaction.Interceptor,TransactionAspectSupport,C:\repos\JamesKovacs_nhcontrib\sandbox\simondud\Envers.NET.Spring\Spring.NET\src\Spring\Spring.Data\Transaction\Interceptor\TransactionAspectSupport.cs,AfterPropertiesSet,The length of the statement  "		throw new ArgumentException ("Either 'TransactionAttributeSource' or 'TransactionAttribute' property is required: " + "If there are no transactional methods' don't use a TransactionInterceptor " + "or TransactionProxyFactoryObject."); " is 234.
Long Statement,Spring.Transaction.Interceptor,TransactionAspectSupport,C:\repos\JamesKovacs_nhcontrib\sandbox\simondud\Envers.NET.Spring\Spring.NET\src\Spring\Spring.Data\Transaction\Interceptor\TransactionAspectSupport.cs,CreateTransactionIfNecessary,The length of the statement  "			log.Debug ("Skipping transactional joinpoint [" + joinpointIdentification + "] because no transaction manager has been configured"); " is 132.
Long Statement,Spring.Transaction.Interceptor,TransactionAspectSupport,C:\repos\JamesKovacs_nhcontrib\sandbox\simondud\Envers.NET.Spring\Spring.NET\src\Spring\Spring.Data\Transaction\Interceptor\TransactionAspectSupport.cs,CompleteTransactionAfterThrowing,The length of the statement  "			log.Debug ("Completing transaction for [" + transactionInfo.JoinpointIdentification + "] after exception: " + exception); " is 121.
Long Statement,Spring.Transaction.Interceptor,TransactionAttributeSourceAdvisor,C:\repos\JamesKovacs_nhcontrib\sandbox\simondud\Envers.NET.Spring\Spring.NET\src\Spring\Spring.Data\Transaction\Interceptor\TransactionAttributeSourceAdvisor.cs,SetTxAttributeSource,The length of the statement  "		throw new AopConfigException ("Cannot construct a TransactionAttributeSourceAdvisor using a " + "TransactionInterceptor that has no TransactionAttributeSource configured."); " is 173.
Long Statement,Spring.Transaction.Interceptor,TransactionProxyFactoryObject,C:\repos\JamesKovacs_nhcontrib\sandbox\simondud\Envers.NET.Spring\Spring.NET\src\Spring\Spring.Data\Transaction\Interceptor\TransactionProxyFactoryObject.cs,AfterPropertiesSet,The length of the statement  "			throw new AopConfigException ("Either 'ProxyInterfaces' or 'ProxyTargetType' is required " + "when using an ITargetSource as 'target'"); " is 136.
Long Statement,Spring.Transaction.Support,AbstractPlatformTransactionManager,C:\repos\JamesKovacs_nhcontrib\sandbox\simondud\Envers.NET.Spring\Spring.NET\src\Spring\Spring.Data\Transaction\Support\AbstractPlatformTransactionManager.cs,DoSuspend,The length of the statement  "	throw new TransactionSuspensionNotSupportedException ("Transaction manager [" + GetType ().Name + "] does not support transaction suspension"); " is 143.
Long Statement,Spring.Transaction.Support,AbstractPlatformTransactionManager,C:\repos\JamesKovacs_nhcontrib\sandbox\simondud\Envers.NET.Spring\Spring.NET\src\Spring\Spring.Data\Transaction\Support\AbstractPlatformTransactionManager.cs,DoResume,The length of the statement  "	throw new TransactionSuspensionNotSupportedException ("Transaction manager [" + GetType ().Name + "] does not support transaction suspension"); " is 143.
Long Statement,Spring.Transaction.Support,AbstractPlatformTransactionManager,C:\repos\JamesKovacs_nhcontrib\sandbox\simondud\Envers.NET.Spring\Spring.NET\src\Spring\Spring.Data\Transaction\Support\AbstractPlatformTransactionManager.cs,DoSetRollbackOnly,The length of the statement  "	throw new IllegalTransactionStateException ("Participating in existing transactions is not supported - when 'IsExistingTransaction' " + "returns true' appropriate 'DoSetRollbackOnly' behavior must be provided"); " is 211.
Long Statement,Spring.Transaction.Support,AbstractPlatformTransactionManager,C:\repos\JamesKovacs_nhcontrib\sandbox\simondud\Envers.NET.Spring\Spring.NET\src\Spring\Spring.Data\Transaction\Support\AbstractPlatformTransactionManager.cs,RegisterAfterCompletionWithExistingTransaction,The length of the statement  "	log.Debug ("Cannot register Spring after-completion synchronization with existing transaction - " + "processing Spring after-completion callbacks immediately' with outcome status 'unknown'"); " is 191.
Long Statement,Spring.Transaction.Support,AbstractPlatformTransactionManager,C:\repos\JamesKovacs_nhcontrib\sandbox\simondud\Envers.NET.Spring\Spring.NET\src\Spring\Spring.Data\Transaction\Support\AbstractPlatformTransactionManager.cs,GetTransaction,The length of the statement  "	else if (definition.PropagationBehavior == TransactionPropagation.Required || definition.PropagationBehavior == TransactionPropagation.RequiresNew || definition.PropagationBehavior == TransactionPropagation.Nested) { " is 216.
Long Statement,Spring.Transaction.Support,AbstractPlatformTransactionManager,C:\repos\JamesKovacs_nhcontrib\sandbox\simondud\Envers.NET.Spring\Spring.NET\src\Spring\Spring.Data\Transaction\Support\AbstractPlatformTransactionManager.cs,HandleExistingTransaction,The length of the statement  "			log.Debug ("Suspending current transaction' creating new transaction with name [" + definition.Name + "]:" + definition); " is 121.
Long Statement,Spring.Transaction.Support,AbstractPlatformTransactionManager,C:\repos\JamesKovacs_nhcontrib\sandbox\simondud\Envers.NET.Spring\Spring.NET\src\Spring\Spring.Data\Transaction\Support\AbstractPlatformTransactionManager.cs,HandleExistingTransaction,The length of the statement  "			throw new NestedTransactionNotSupportedException ("Transaction manager does not allow nested transactions by default - " + "specify 'NestedTransactionsAllowed' property with value 'true'"); " is 189.
Long Statement,Spring.Transaction.Support,AbstractPlatformTransactionManager,C:\repos\JamesKovacs_nhcontrib\sandbox\simondud\Envers.NET.Spring\Spring.NET\src\Spring\Spring.Data\Transaction\Support\AbstractPlatformTransactionManager.cs,Commit,The length of the statement  "		throw new IllegalTransactionStateException ("Transaction is already completed - do not call commit or rollback more than once per transaction"); " is 144.
Long Statement,Spring.Transaction.Support,AbstractPlatformTransactionManager,C:\repos\JamesKovacs_nhcontrib\sandbox\simondud\Envers.NET.Spring\Spring.NET\src\Spring\Spring.Data\Transaction\Support\AbstractPlatformTransactionManager.cs,Rollback,The length of the statement  "		throw new IllegalTransactionStateException ("Transaction is already completed - do not call commit or rollback more than once per transaction"); " is 144.
Long Statement,Spring.Transaction.Support,AbstractPlatformTransactionManager,C:\repos\JamesKovacs_nhcontrib\sandbox\simondud\Envers.NET.Spring\Spring.NET\src\Spring\Spring.Data\Transaction\Support\AbstractPlatformTransactionManager.cs,NewTransactionStatus,The length of the statement  "	return new DefaultTransactionStatus (transaction' newTransaction' actualNewSynchronization' definition.ReadOnly' debug' suspendedResources); " is 140.
Long Statement,Spring.Transaction.Support,AbstractPlatformTransactionManager,C:\repos\JamesKovacs_nhcontrib\sandbox\simondud\Envers.NET.Spring\Spring.NET\src\Spring\Spring.Data\Transaction\Support\AbstractPlatformTransactionManager.cs,Suspend,The length of the statement  "			return new SuspendedResourcesHolder (suspendedSynchronizations' suspendedResources' name' readOnly' isolationLevel' wasActive); " is 127.
Long Statement,Spring.Transaction.Support,TransactionSynchronizationManager,C:\repos\JamesKovacs_nhcontrib\sandbox\simondud\Envers.NET.Spring\Spring.NET\src\Spring\Spring.Data\Transaction\Support\TransactionSynchronizationManager.cs,GetResource,The length of the statement  "		LOG.Debug ("Retrieved value [" + Describe (val) + "] for key [" + Describe (key) + "] bound to thread [" + SystemUtils.ThreadId + "]"); " is 135.
Long Statement,Spring.Transaction.Support,TransactionSynchronizationManager,C:\repos\JamesKovacs_nhcontrib\sandbox\simondud\Envers.NET.Spring\Spring.NET\src\Spring\Spring.Data\Transaction\Support\TransactionSynchronizationManager.cs,BindResource,The length of the statement  "		throw new InvalidOperationException ("Already value [" + resources [key] + "] for key [" + key + "] bound to thread [" + SystemUtils.ThreadId + "]"); " is 149.
Long Statement,Spring.Transaction.Support,TransactionSynchronizationManager,C:\repos\JamesKovacs_nhcontrib\sandbox\simondud\Envers.NET.Spring\Spring.NET\src\Spring\Spring.Data\Transaction\Support\TransactionSynchronizationManager.cs,BindResource,The length of the statement  "		LOG.Debug ("Bound value [" + Describe (value) + "] for key [" + Describe (key) + "] to thread [" + SystemUtils.ThreadId + "]"); " is 127.
Long Statement,Spring.Transaction.Support,TransactionSynchronizationManager,C:\repos\JamesKovacs_nhcontrib\sandbox\simondud\Envers.NET.Spring\Spring.NET\src\Spring\Spring.Data\Transaction\Support\TransactionSynchronizationManager.cs,UnbindResource,The length of the statement  "		LOG.Debug ("Removed value [" + Describe (val) + "] for key [" + Describe (key) + "] from thread [" + SystemUtils.ThreadId + "]"); " is 129.
Magic Number,Spring.Data.Support,SimpleServiceConfig,C:\repos\JamesKovacs_nhcontrib\sandbox\simondud\Envers.NET.Spring\Spring.NET\src\Spring\Spring.Data\Data\Support\SimpleServiceConfig.cs,GetHashCode,The following statement contains a magic number: result = 29 * result + trackingEnabled.GetHashCode ();  
Magic Number,Spring.Data.Support,SimpleServiceConfig,C:\repos\JamesKovacs_nhcontrib\sandbox\simondud\Envers.NET.Spring\Spring.NET\src\Spring\Spring.Data\Data\Support\SimpleServiceConfig.cs,GetHashCode,The following statement contains a magic number: result = 29 * result + (trackingAppName != null ? trackingAppName.GetHashCode () : 0);  
Magic Number,Spring.Data.Support,SimpleServiceConfig,C:\repos\JamesKovacs_nhcontrib\sandbox\simondud\Envers.NET.Spring\Spring.NET\src\Spring\Spring.Data\Data\Support\SimpleServiceConfig.cs,GetHashCode,The following statement contains a magic number: result = 29 * result + (trackingComponentName != null ? trackingComponentName.GetHashCode () : 0);  
Magic Number,Spring.Data.Support,SimpleServiceConfig,C:\repos\JamesKovacs_nhcontrib\sandbox\simondud\Envers.NET.Spring\Spring.NET\src\Spring\Spring.Data\Data\Support\SimpleServiceConfig.cs,GetHashCode,The following statement contains a magic number: result = 29 * result + transactionOption.GetHashCode ();  
Magic Number,Spring.Data.Support,SimpleServiceConfig,C:\repos\JamesKovacs_nhcontrib\sandbox\simondud\Envers.NET.Spring\Spring.NET\src\Spring\Spring.Data\Data\Support\SimpleServiceConfig.cs,GetHashCode,The following statement contains a magic number: result = 29 * result + isolationLevel.GetHashCode ();  
Magic Number,Spring.Data.Support,SimpleServiceConfig,C:\repos\JamesKovacs_nhcontrib\sandbox\simondud\Envers.NET.Spring\Spring.NET\src\Spring\Spring.Data\Data\Support\SimpleServiceConfig.cs,GetHashCode,The following statement contains a magic number: result = 29 * result + transactionTimeout;  
Missing Default,Spring.Data.Config,DatabaseNamespaceParser,C:\repos\JamesKovacs_nhcontrib\sandbox\simondud\Envers.NET.Spring\Spring.NET\src\Spring\Spring.Data\Data\Config\DatabaseNamespaceParser.cs,DoParse,The following switch statement is missing a default case: switch (element.LocalName) {  case DbProviderFactoryObjectConstants.DbProviderFactoryObjectElement: {  	ParseDatabaseConfigurer (element' parserContext' builder);  	return;  }  }  
Missing Default,Spring.Data.Core,ServiceDomainPlatformTransactionManager,C:\repos\JamesKovacs_nhcontrib\sandbox\simondud\Envers.NET.Spring\Spring.NET\src\Spring\Spring.Data\Data\Core\ServiceDomainPlatformTransactionManager.cs,ApplyIsolationLevel,The following switch statement is missing a default case: switch (definition.TransactionIsolationLevel) {  case System.Data.IsolationLevel.Chaos:  	if (log.IsInfoEnabled) {  		log.Info ("IsolationLevel Chaos does not have a direct counterpart in EnterpriseServices' using Any");  	}  	serviceConfig.IsolationLevel = TransactionIsolationLevel.Any;  	break;  case System.Data.IsolationLevel.ReadCommitted:  	serviceConfig.IsolationLevel = TransactionIsolationLevel.ReadCommitted;  	break;  case System.Data.IsolationLevel.ReadUncommitted:  	serviceConfig.IsolationLevel = TransactionIsolationLevel.ReadUncommitted;  	break;  case System.Data.IsolationLevel.RepeatableRead:  	serviceConfig.IsolationLevel = TransactionIsolationLevel.RepeatableRead;  	break;  case System.Data.IsolationLevel.Serializable:  	serviceConfig.IsolationLevel = TransactionIsolationLevel.Serializable;  	break;  #if NET_2_0  case System.Data.IsolationLevel.Snapshot:  	if (log.IsInfoEnabled) {  		log.Info ("IsolationLevel Snapshot does not have a direct counterpart in EnterpriseServices' using ReadCommitted.  Introduced in SqlServer 2005.  Consider using System.Transactions for transaction management instead.");  	}  	serviceConfig.IsolationLevel = TransactionIsolationLevel.ReadCommitted;  	//err on the side of consistency  	break;  #endif  case System.Data.IsolationLevel.Unspecified:  	serviceConfig.IsolationLevel = TransactionIsolationLevel.Any;  	break;  }  
Missing Default,Spring.Data.Core,TxScopeTransactionManager,C:\repos\JamesKovacs_nhcontrib\sandbox\simondud\Envers.NET.Spring\Spring.NET\src\Spring\Spring.Data\Data\Core\TxScopeTransactionManager.cs,CreateTransactionOptions,The following switch statement is missing a default case: switch (definition.TransactionIsolationLevel) {  case System.Data.IsolationLevel.Chaos:  	txOptions.IsolationLevel = IsolationLevel.Chaos;  	break;  case System.Data.IsolationLevel.ReadCommitted:  	txOptions.IsolationLevel = IsolationLevel.ReadCommitted;  	break;  case System.Data.IsolationLevel.ReadUncommitted:  	txOptions.IsolationLevel = IsolationLevel.ReadUncommitted;  	break;  case System.Data.IsolationLevel.RepeatableRead:  	txOptions.IsolationLevel = IsolationLevel.RepeatableRead;  	break;  case System.Data.IsolationLevel.Serializable:  	txOptions.IsolationLevel = IsolationLevel.Serializable;  	break;  case System.Data.IsolationLevel.Snapshot:  	txOptions.IsolationLevel = IsolationLevel.Snapshot;  	break;  case System.Data.IsolationLevel.Unspecified:  	txOptions.IsolationLevel = IsolationLevel.Unspecified;  	break;  }  
